DENOM_SOCIAL|DT_REG|DT_CANCEL|SIT|DT_INI_SIT|CD_CVM|SETOR_ATIV
A J RENNER SA IND E PARTIP|1969-06-24|1998-06-17|CANCELADA|1998-06-17|35|Emp. Adm. Participações
AGRILEASING SA ARREND MERC|1983-01-24|1985-09-30|CANCELADA|1985-09-30|191|Arrendamento Mercantil
ALPART ALPA PARTICIPACOES SA|1982-09-03|1989-10-19|CANCELADA|1989-10-19|310|Emp. Adm. Participações
ALUMINIO EXTRUSAO LAMINACAO|1979-12-12|1997-01-30|CANCELADA|1997-01-30|345|Emp. Adm. Participações
AMERICA DO SUL LEAS SA ARR MER|1982-09-28|2000-03-02|CANCELADA|2000-03-02|388|Arrendamento Mercantil
AUXILIAR LEASING SA ARR MERC|1981-11-26|1991-01-30|CANCELADA|1991-01-30|655|Arrendamento Mercantil
HSBC SEGUROS BRASIL SA|1977-07-20|2000-12-26|CANCELADA|2000-12-26|728|Seguradoras e Corretoras
HSBC LEASING A.M.(BRASIL) SA|1981-09-23|1999-12-23|CANCELADA|1999-12-23|736|Arrendamento Mercantil
BAMERINDUS SA PARTICIPAÇÕES E EMPREENDIMENTOS - EM LIQUIDAÇÃO EXTRAJUDICIAL|1977-07-20|2007-01-09|CANCELADA|2007-01-09|744|Emp. Adm. Part. - Intermediação Financeira
BAMERINDUS SA CRED IMOBILIARIO|1977-07-20|1987-11-27|CANCELADA|1987-11-27|752|Crédito Imobiliário
BAMERINDUS SA FINANC CRED INV|1977-07-20|1989-05-09|CANCELADA|1989-05-09|760|Bancos
BANCO AGRIMISA SA|1977-07-20|2005-03-22|CANCELADA|2005-03-22|779|Bancos
BANCO COMERCIAL E DE INVESTIMENTO SUDAMERIS S.A.|1977-07-20|2000-08-24|CANCELADA|2000-08-24|787|Bancos
BANCO CREFISUL S.A.|1977-07-20|2006-05-09|CANCELADA|2006-05-09|795|Bancos
BCO AUXILIAR SA|1969-12-02|1991-01-30|CANCELADA|1991-01-30|809|Bancos
BCO BAMERINDUS INVS SA|1977-07-20|1988-11-10|CANCELADA|1988-11-10|817|Bancos
BANCO BAMERINDUS BRASIL SA|1977-07-20|2006-07-18|CANCELADA|2006-07-18|825|Bancos
BANCO BANDEIRANTES DE INVESTIMENTOS SA|1977-07-20|2001-10-31|CANCELADA|2001-10-31|833|Bancos
UNICARD BANCO MULTIPLO S.A.|1977-07-20|2002-11-28|CANCELADA|2002-11-28|841|Bancos
BANCO BOAVISTA INTERATLÂNTICO S.A.|1977-07-20|1999-12-08|CANCELADA|1999-12-08|850|Bancos
BCO BRADESCO INVESTIMENTO SA|1977-07-20|1992-11-26|CANCELADA|1992-11-26|884|Bancos
BBC ADM E PARTICIPAÇÃO-EM LIQUIDAÇÃO ORDINÁRIA|1981-01-30|2006-07-18|CANCELADA|2006-07-18|892|Emp. Adm. Part. - Sem Setor Principal
BANCO BRADESCO S.A.|1977-07-20||ATIVO|1977-07-20|906|Bancos
BANCO ITABANCO S/A|1977-07-20|1996-03-08|CANCELADA|1996-03-08|914|Bancos
BANCO DA AMAZÔNIA S.A.|1977-07-20||ATIVO|1977-07-20|922|Intermediação Financeira
BANCO BOCOM BBM S.A.|1977-07-20|1993-07-26|CANCELADA|1993-07-26|930|Bancos
BANCO CREDITO REAL DE MG SA|1977-07-20|1998-06-30|CANCELADA|1998-06-30|949|Bancos
BANCO BCN S.A.|1977-07-20|1998-07-28|CANCELADA|1998-07-28|957|Bancos
BCR BCO CREDITO REAL SA|1977-07-20|1999-02-08|CANCELADA|1999-02-08|965|Bancos
BCO CREDIPLAN SA|1977-07-20|1996-07-10|CANCELADA|1996-07-10|973|Bancos
BANCO DESENV ESTADO BAHIA SA|1977-07-20|1999-11-04|CANCELADA|1999-11-04|981|Bancos
BCO INV AMERICA SUL SA|1977-07-20|1989-05-19|CANCELADA|1989-05-19|990|Bancos
BNC BRAZIL LTDA|1977-07-20|2001-08-27|CANCELADA|2001-08-27|1007|Bancos
BANCO ÚNICO S.A.|1977-07-20|1990-08-09|CANCELADA|1990-08-09|1015|Bancos
BANCO DO BRASIL S.A.|1977-07-20||ATIVO|1977-07-20|1023|Bancos
BANCO COMERCIAL BANCESA S.A.|1977-07-20|2005-03-22|CANCELADA|2005-03-22|1031|Bancos
COMIND PARTICIPACOES SA|1969-09-18|2006-03-21|CANCELADA|2006-03-21|1058|Emp. Adm. Part. - Intermediação Financeira
BANCO BANEB SA|1977-07-20|2000-12-01|CANCELADA|2000-12-01|1066|Bancos
BANCO BEG S.A.|1977-07-20|2003-08-29|CANCELADA|2003-08-29|1074|Bancos
BANCO ITAU BBA  S.A.|1977-07-20|2003-08-29|CANCELADA|2003-08-29|1082|Bancos
BANCO DE PERNAMBUCO S.A. - BANDEPE|1977-07-20|2003-03-24|CANCELADA|2003-03-24|1090|Bancos
BANCO DO ESTADO DE SANTA CATARINA S/A - BESC|1977-07-20|2008-09-30|CANCELADA|2008-09-30|1104|Bancos
BANCO DO ESTADO DE SAO PAULO S.A. - BANESPA|1977-07-20|2006-08-31|CANCELADA|2006-08-31|1112|Bancos
BANCO DO ESTADO DE SERGIPE SA|1977-07-20||ATIVO|1977-07-20|1120|Bancos
BANCO BEA SA|1977-07-20|2003-01-30|CANCELADA|2003-01-30|1139|Bancos
ALVORADA CARTOES, CREDITO, FINANCIAMENTO E INVESTIMENTO S/A|1977-07-20|2006-05-31|CANCELADA|2006-05-31|1147|Bancos
BANESTES SA BANCO DO ESTADO DO ESPIRITO SANTO|1977-07-20||ATIVO|1977-07-20|1155|Bancos
BANCO BRADESCO BBI S.A.|1978-11-13|2004-08-06|CANCELADA|2004-08-06|1163|Bancos
BANCO DO ESTADO DO PARÁ S/A.|1977-07-20||ATIVO|1977-07-20|1171|Bancos
BANCO BANESTADO SA|1977-07-20|2003-08-29|CANCELADA|2003-08-29|1180|Bancos
BANCO DO ESTADO DO PIAUÍ S.A. - BEP|1978-06-22|2008-11-28|CANCELADA|2008-11-28|1198|Bancos
BANCO BRADESCO BERJ S.A.|1977-07-20|2012-06-11|CANCELADA|2012-06-11|1201|Bancos
BANCO DO ESTADO DO RIO GRANDE DO SUL SA|1977-07-20||ATIVO|1977-07-20|1210|Bancos
BANCO DO NORDESTE DO BRASIL SA|1977-07-20||ATIVO|1977-07-20|1228|Bancos
BANCO DO PROGRESSO S.A.|1977-07-20|2007-01-09|CANCELADA|2007-01-09|1236|Bancos
BANCO ECONOMICO SA - EM LIQUIDAÇÃO EXTRAJUDICIAL|1977-07-20||ATIVO|1977-07-20|1244|Bancos
BANCO FENICIA SA|1977-07-20|1995-11-06|CANCELADA|1995-11-06|1252|Bancos
ITAÚ UNIBANCO HOLDING S.A.|1977-07-20|1998-04-08|CANCELADA|1998-04-08|1279|Bancos
ITAU UNIBANCO S.A.|1977-07-20|2003-05-08|CANCELADA|2003-05-08|1287|Bancos
BCO MAISONNAVE DE INV SA|1976-05-21|1989-01-10|CANCELADA|1989-01-10|1295|Bancos
BANCO MERCANTIL DE INVESTIMENTOS S.A.|1977-07-20||ATIVO|1977-07-20|1309|Bancos
BANCO MERCANTIL DE SÃO PAULO SA|1977-07-20|2003-09-30|CANCELADA|2003-09-30|1317|Bancos
BANCO MERCANTIL BRASIL SA|1977-07-20||ATIVO|1977-07-20|1325|Bancos
BCO NACIONAL INVS SA|1977-07-20|1991-06-18|CANCELADA|1991-06-18|1341|Bancos
BANCO NACIONAL S.A. - EM LIQUIDAÇÃO EXTRAJUDICIAL|1977-07-20||ATIVO|1977-07-20|1350|Bancos
BANCO SANTANDER NOROESTE SA|1977-07-20|1999-06-30|CANCELADA|1999-06-30|1368|Bancos
BANFORT-BANCO FORTALEZA S.A.|1977-07-20|2007-01-09|CANCELADA|2007-01-09|1376|Bancos
BANCO ALFA DE INVESTIMENTO S.A.|1977-07-20||ATIVO|1977-07-20|1384|Bancos
BANCO REAL SA|1977-07-20|2000-04-28|CANCELADA|2000-04-28|1392|Bancos
BANCO SAFRA S/A|1977-07-20|1990-12-27|CANCELADA|1990-12-27|1406|Bancos
BCO SAVENA SA|1977-07-20|1984-12-28|CANCELADA|1984-12-28|1414|Bancos
BANCO SUDAMERIS BRASIL SA|1977-07-20|2007-05-25|CANCELADA|2007-05-25|1422|Bancos
BCO SUL BRASILEIRO SA|1973-02-20|1985-06-10|CANCELADA|1985-06-10|1430|Bancos
UNIBANCO LEASING S.A.- ARREND. MERCANTIL|1981-07-23|1989-12-14|CANCELADA|1989-12-14|1449|Arrendamento Mercantil
BANESTADO SA CRED FIN E INV|1977-07-20|1989-09-12|CANCELADA|1989-09-12|1457|Bancos
BANORTE BANCO INVEST SA|1972-01-27|1990-08-09|CANCELADA|1990-08-09|1465|Bancos
BANCO BANORTE SA EM LIQUIDAÇÃO EXTRAJUDICIAL|1977-07-20|2006-07-18|CANCELADA|2006-07-18|1473|Bancos
BANORTE CRED FIN E INVEST SA|1977-07-20|1990-08-09|CANCELADA|1990-08-09|1481|Bancos
BANORTE CRED IMOBILIARIO SA|1977-07-20|1990-08-09|CANCELADA|1990-08-09|1490|Crédito Imobiliário
PARTICIPAÇÕES INDUST. DO NORDESTE S.A.|1983-12-12|2021-08-05|CANCELADA|2021-08-05|1597|Emp. Adm. Part. - Sem Setor Principal
BRADESCO BCN LEASING S/A ARR MERCANTIL|1977-07-20|2004-09-01|CANCELADA|2004-09-01|1600|Arrendamento Mercantil
BANCO BMG S/A|1977-07-20|1994-03-14|CANCELADA|1994-03-14|1716|Bancos
BMG LEASING S.A. -  ARREND. MERCANTIL|1980-12-05|2019-08-12|CANCELADA|2019-08-12|1724|Arrendamento Mercantil
BOAVISTA SA CRED FIN E INV|1977-07-20|1990-06-22|CANCELADA|1990-06-22|1732|Bancos
BOAVISTA SA ARREND MERCANTIL|1983-12-23|1989-10-16|CANCELADA|1989-10-16|1759|Arrendamento Mercantil
ITAUBANK LEASING SA ARREND MERCANTIL (SUCEDIDA POR ITAU UNIBANCO SA E DIBENS LEASING SA ARR. MERCANT|1983-07-06|2009-02-28|CANCELADA|2009-02-28|1821|Arrendamento Mercantil
SANTANDER LEASING S.A. ARREND MERC|1981-11-10|2002-12-06|CANCELADA|2002-12-06|1830|Arrendamento Mercantil
BRASMETAL CIA BRAS METALURGIA|1969-07-29|1990-12-28|CANCELADA|1990-12-28|1961|Emp. Adm. Participações
CAETANO BRANCO SA|1975-07-24|1994-07-20|CANCELADA|1994-07-20|2054|Emp. Adm. Participações
CARFEPE SA - ADMINISTRADORA E PARTICIPADORA|1977-07-20|2010-01-04|CANCELADA|2010-01-04|2135|Emp. Adm. Part. - Sem Setor Principal
VEPLAN SA|1977-07-20|2005-03-22|CANCELADA|2005-03-22|2291|Crédito Imobiliário
BCO CEDULA SA|1977-07-20|1992-09-22|CANCELADA|1992-09-22|2380|Bancos
CENTRAIS ELETRICAS BRASILEIRAS SA|1971-01-28||ATIVO|1971-01-28|2437|Energia Elétrica
CELG DISTRIBUIÇÃO S.A. - CELG D|1971-08-17|2008-04-29|CANCELADA|2008-04-29|2445|Energia Elétrica
CIA ENERG MINAS GERAIS - CEMIG|1971-06-30||ATIVO|1971-06-30|2453|Energia Elétrica
CENTRAIS ELETRICAS DE SANTA CATARINA S.A|1973-03-26||ATIVO|1973-03-26|2461|Energia Elétrica
CESP - COMPANHIA ENERGÉTICA DE SÃO PAULO|1971-09-27||ATIVO|1971-09-27|2577|Energia Elétrica
CIA AMERICA SUL CFI|1977-07-20|1989-05-19|CANCELADA|1989-05-19|2739|Bancos
CIA AUXILIAR EMP MIN CAEMI|1981-11-25|1991-05-06|CANCELADA|1991-05-06|2780|Emp. Adm. Participações
CIA BANDEIRANTES CFI|1977-07-20|1997-07-21|CANCELADA|1997-07-21|2801|Bancos
CIA BOZANO SIMONSEN COM IND|1977-07-20|1992-04-22|CANCELADA|1992-04-22|2836|Emp. Adm. Participações
AMPLA ENERGIA E SERVIÇOS S.A.|1969-08-15||ATIVO|1969-08-15|3050|Energia Elétrica
CIA INVEST DO PARA|1979-12-29|1986-11-10|CANCELADA|1986-11-10|3093|Emp. Adm. Participações
CIA SEGUROS ALIANCA BAHIA|1977-07-20||ATIVO|1977-07-20|3115|Seguradoras e Corretoras
CIA SEGUROS AMER SUL YASUDA|1977-07-20|1992-03-06|CANCELADA|1992-03-06|3123|Seguradoras e Corretoras
CIA SEGUROS BAHIA|1977-07-20|1997-07-02|CANCELADA|1997-07-02|3131|Seguradoras e Corretoras
CIA SEGUROS MINAS BRASIL|1977-07-20|2009-10-14|CANCELADA|2009-10-14|3140|Seguradoras e Corretoras
CIA TELEFONES DO RJ CETEL|1968-09-11|1990-01-02|CANCELADA|1990-01-02|3166|Telecomunicações
REDE ENERGIA PARTICIPAÇÕES S.A.|1969-10-16||ATIVO|1969-10-16|3190|Energia Elétrica
CIA ESTADUAL DE GERACAO E TRANSMISSAO DE ENERGIA ELETRICA|1970-01-07||ATIVO|1970-01-07|3204|Energia Elétrica
ENERGISA MINAS GERAIS - DISTRIBUIDORA DE ENERGIA S/A|1969-12-17||ATIVO|1969-12-17|3271|Energia Elétrica
COMPANHIIA HABITASUL DE PARTICIPAÇÕES|1982-04-19||ATIVO|1982-04-19|3298|Emp. Adm. Part. - Crédito Imobiliário
CIA HIDRO ELÉTRICA DO SÃO FRANCISCO|1969-12-19||ATIVO|1969-12-19|3328|Energia Elétrica
COMPANHIA ITAUNENSE ENERGIA E PARTICIPAÇÕES|1969-04-02||ATIVO|2017-11-23|3450|Energia Elétrica
CIA INTERNACIONAL FIDUCIARIA|1976-06-05|1989-05-12|CANCELADA|1989-05-12|3557|Emp. Adm. Participações
TELEINVEST PARTICIPACOES SA|1982-12-17|1994-11-11|CANCELADA|1994-11-11|3565|Emp. Adm. Participações
CIA IOCHPE|1980-06-23|1993-08-03|CANCELADA|1993-08-03|3573|Emp. Adm. Participações
BANCO ITAULEASING S.A.|1981-05-29|2007-11-07|CANCELADA|2007-11-07|3590|Bancos
CIA PAULISTA ENERGIA ELETRICA|1972-01-20|2001-03-16|CANCELADA|2001-03-16|3794|Energia Elétrica
COMPANHIA PAULISTA DE FORCA LUZ - CPFL|1969-08-19||ATIVO|1969-08-19|3824|Energia Elétrica
FINANCEIRA ALFA S.A.- C.F.I|1977-07-20||ATIVO|1977-07-20|3891|Bancos
CIA RIOGRANDENSE TELECOMUNICAÇÕES|1969-03-21|2000-12-28|CANCELADA|2000-12-28|3913|Telecomunicações
CIA TELEF MELHOR RESIST|1981-05-20|2000-02-28|CANCELADA|2000-02-28|4090|Telecomunicações
CIA TELEF BORDA DO CAMPO|1977-10-20|1999-11-30|CANCELADA|1999-11-30|4103|Telecomunicações
CIA UNIAO SEGUROS GERAIS|1977-07-20|1998-11-09|CANCELADA|1998-11-09|4162|Seguradoras e Corretoras
CITIBANK LEASING S.A. - ARREND.MERCANTIL|1983-04-14|2004-05-19|CANCELADA|2004-05-19|4383|Arrendamento Mercantil
COMIND SA|1982-12-27|1993-01-21|CANCELADA|1993-01-21|4553|Emp. Adm. Participações
COMIND BANCO INVESTIMENTO SA|1969-10-03|1992-03-13|CANCELADA|1992-03-13|4570|Bancos
COPENE PARTICIPAÇÕES S/A|1982-09-28|2005-04-19|CANCELADA|2005-04-19|4642|Emp. Adm. Participações
CONSORCIO ALFA DE ADMINISTRAÇÃO SA|1977-07-20||ATIVO|1977-07-20|4707|Emp. Adm. Part. - Intermediação Financeira
FINAÚSTRIA ARRENDAMENTO MERCANTIL S.A.|1983-04-14|1990-01-24|CANCELADA|1990-01-24|4952|Arrendamento Mercantil
DEDINI SA ADM E PARTICIPACOES|1979-02-12|1999-03-30|CANCELADA|1999-03-30|5096|Emp. Adm. Participações
EMPREENDS ADM COM ANNA SA|1982-12-27|1989-07-06|CANCELADA|1989-07-06|5541|Emp. Adm. Participações
ENERGISA MATO GROSSO DO SUL - DISTRIBUIDORA DE ENERGIA S/A|1981-08-28||ATIVO|1981-08-28|5576|Energia Elétrica
BRB CRED FINANC E INVEST SA|1972-07-20|1987-05-08|CANCELADA|1987-05-08|6009|Bancos
INVESTIMENTOS BEMGE S.A.|1977-07-20||ATIVO|1977-07-20|6041|Bancos
FINANCIADORA BCN SA CFI|1977-07-20|1998-05-25|CANCELADA|1998-05-25|6050|Bancos
FINANCIADORA BRADESCO SA CFI|1977-07-20|1988-06-15|CANCELADA|1988-06-15|6068|Bancos
FINANSINOS S/A-CRÉDITO, FINAN. E INVEST.|1977-07-20||ATIVO|1977-07-20|6076|Bancos
FINASA LEASING ARRENDAMENTO MERCANTIL SA|1981-08-11|2003-04-30|CANCELADA|2003-04-30|6084|Arrendamento Mercantil
BANCO FININVEST SA|1977-07-20|1998-06-12|CANCELADA|1998-06-12|6092|Bancos
BFB LEASING S.A. ARRENDAMENTO MERCANTIL|1983-02-21|1991-02-08|CANCELADA|1991-02-08|6203|Arrendamento Mercantil
GARRA PARTICIPACOES SA|1981-05-13|1990-11-20|CANCELADA|1990-11-20|6360|Emp. Adm. Participações
GEB VIDIGAL SA|1982-06-02|1991-06-18|CANCELADA|1991-06-18|6386|Emp. Adm. Participações
GESTIO SA COMERCIO E INDUSTRIA|1981-12-04|1990-07-13|CANCELADA|1990-07-13|6467|Emp. Adm. Participações
GPC INDUSTRIA E COMERCIO SA|1982-07-16|1991-06-20|CANCELADA|1991-06-20|6548|Emp. Adm. Participações
INVESPAR SA|1983-09-08|1996-08-23|CANCELADA|1996-08-23|7609|Emp. Adm. Participações
ITAUSA S.A.|1977-07-20||ATIVO|1977-07-20|7617|Emp. Adm. Part. - Sem Setor Principal
ADEPAR ASSESSORIA ADM SERV SA|1981-04-14|1989-08-02|CANCELADA|1989-08-02|7625|Emp. Adm. Participações
BRADESCO LEASING S.A. ARREND. MERCANTIL|1981-06-24|1989-07-04|CANCELADA|1989-07-04|7986|Arrendamento Mercantil
BANCOCIDADE LEASING ARR MERC SA|1983-08-08|2003-11-18|CANCELADA|2003-11-18|7994|Arrendamento Mercantil
LIGHT SERVIÇOS DE ELETRICIDADE SA|1968-11-25||ATIVO|1968-11-25|8036|Energia Elétrica
MULTIPLIC LEASING ARR MERC SA|1983-03-30|1998-10-22|CANCELADA|1998-10-22|8150|Arrendamento Mercantil
BANEX S/A - CRÉDITO, FINANCIAMENTO E INVESTIMENTO|1977-07-20|2007-11-14|CANCELADA|2007-11-14|8176|Intermediação Financeira
TREVISA  INVESTIMENTOS SA|1980-12-15||ATIVO|1980-12-15|8192|Emp. Adm. Part. - Sem Setor Principal
MAISONNAVE CIA DE PART|1981-03-13|1998-12-18|CANCELADA|1998-12-18|8338|Emp. Adm. Participações
MAISONNAVE DTVM SA|1977-07-20|1989-01-10|CANCELADA|1989-01-10|8346|Seguradoras e Corretoras
MAISONNAVE LEASING SA AM|1981-06-12|1989-01-10|CANCELADA|1989-01-10|8354|Arrendamento Mercantil
MAISONNAVE SA CFI|1977-07-20|1989-01-10|CANCELADA|1989-01-10|8362|Bancos
CHASE MANHATTAN LEASING SA A M|1983-06-17|2000-07-07|CANCELADA|2000-07-07|8419|Arrendamento Mercantil
MERCANTIL DO BR FINC SA CFI|1977-07-20||ATIVO|1977-07-20|8540|Bancos
BFC BANCO SA|1977-07-20|1990-07-16|CANCELADA|1990-07-16|8796|Bancos
MINAS INV SA EMPR ADM ADMINAS|1977-07-20|1998-12-09|CANCELADA|1998-12-09|8800|Emp. Adm. Participações
MONTEIRO ARANHA SA|1980-05-07||ATIVO|1980-05-07|8893|Emp. Adm. Part. - Sem Setor Principal
HSBC ASSET FINANCE (BRASIL) - ARRENDAMEN|1983-05-23|1990-08-03|CANCELADA|1990-08-03|8915|Arrendamento Mercantil
MUNCK SA EQUIPS INDUSTRIAIS|1977-07-20|1991-01-07|CANCELADA|1991-01-07|9024|Emp. Adm. Participações
NORCHEM PARTICIPAÇÕES E CONSULTORIA SA|1981-09-30|2003-01-23|CANCELADA|2003-01-23|9105|Bancos
NOROESTE SEGURADORA SA|1977-07-20|1994-06-10|CANCELADA|1994-06-10|9113|Seguradoras e Corretoras
NOVO HAMBURGO CIA SEGS GERAIS|1977-07-20|1999-08-18|CANCELADA|1999-08-18|9148|Seguradoras e Corretoras
NOVOSINOS SA DTVM|1977-07-20|2002-01-22|CANCELADA|2002-01-22|9156|Seguradoras e Corretoras
ODEBRECHT SA|1981-07-17|2000-10-17|CANCELADA|2000-10-17|9199|Emp. Adm. Participações
PERDIGAO AGROINDUSTRIAL SA|1977-07-20|1997-09-12|CANCELADA|1997-09-12|9466|Emp. Adm. Participações
SOUTO VIDIGAL SA|1969-12-16|2004-03-11|CANCELADA|2004-03-11|9547|Emp. Adm. Participações
PEVE PREDIOS SA|1983-09-29|2003-01-30|CANCELADA|2003-01-30|9555|Emp. Adm. Participações
ALFA HOLDINGS SA|1977-07-20||ATIVO|1977-07-20|9954|Emp. Adm. Part. - Intermediação Financeira
ROSAFER SA|1982-11-25|1989-08-31|CANCELADA|1989-08-31|10146|Emp. Adm. Participações
SA WHITE MARTINS|1969-05-15|2000-05-26|CANCELADA|2000-05-26|10294|Emp. Adm. Participações
SAFRA LEASING SA ARRENDAMENTO  MERCANTIL|1981-06-24|1990-02-13|CANCELADA|1990-02-13|10340|Arrendamento Mercantil
SAFRA SA ADM E PARTICIPACOES|1981-04-29|1988-04-28|CANCELADA|1988-04-28|10359|Emp. Adm. Participações
SUL AMERICA STA CRUZ SEGS SA|1977-07-20|1998-05-06|CANCELADA|1998-05-06|10413|Seguradoras e Corretoras
SAO LUIZ PARTICIPACOES SA|1981-12-17|1988-10-17|CANCELADA|1988-10-17|10448|Emp. Adm. Participações
NACIONAL SA SOC CRED FIN INVS|1977-07-20|1990-01-30|CANCELADA|1990-01-30|10766|Bancos
SAFRA HOLDING SA|1982-07-16|1990-12-27|CANCELADA|1990-12-27|10847|Emp. Adm. Participações
SOGERAL LEASING SA ARREND MERC|1983-11-07|2000-01-18|CANCELADA|2000-01-18|10855|Arrendamento Mercantil
SUL AMERICA CAPITALIZACAO S.A.|1977-07-20|2004-11-29|CANCELADA|2004-11-29|11002|Seguradoras e Corretoras
SUL AMERICA CIA NACL SEGUROS|1977-07-20|2008-05-12|CANCELADA|2008-05-12|11010|Seguradoras e Corretoras
SATMA SUL AMERICA PARTS SA|1977-07-20|1999-04-06|CANCELADA|1999-04-06|11029|Seguradoras e Corretoras
SUL BRASILEIRO COM IMP EXP SA|1977-07-20|2000-05-19|CANCELADA|2000-05-19|11037|Emp. Adm. Participações
SUL BRASILEIRO CRED.,FINANC.E|1971-07-22|1986-01-10|CANCELADA|1986-01-10|11045|Crédito Imobiliário
SURAMIC S R A M IND COM SA|1981-11-30|1985-09-17|CANCELADA|1985-09-17|11096|Emp. Adm. Participações
TELEC. BRASILEIRAS S.A. - TELEBRÁS|1981-01-21||ATIVO|1981-01-21|11258|Telecomunicações
TELECOMUNICAÇÕES BAHIA SA|1959-07-17|2001-08-02|CANCELADA|2001-08-02|11266|Telecomunicações
TELECOM BRASILIA SA|1976-12-14|2000-02-28|CANCELADA|2000-02-28|11274|Telecomunicações
TELECOMUNICAÇÕES MINAS GERAIS SA|1969-05-26|2001-08-02|CANCELADA|2001-08-02|11282|Telecomunicações
TELECOM SAO PAULO SA|1975-07-29|2000-04-07|CANCELADA|2000-04-07|11290|Telecomunicações
TELECOMUNICAÇÕES  ESP SANTO S A - TELEST|1969-05-28|2001-08-02|CANCELADA|2001-08-02|11304|Telecomunicações
OI S.A. - EM RECUPERAÇÃO JUDICIAL|1980-03-27||ATIVO|1980-03-27|11312|Telecomunicações
TELEMAR NORTE LESTE SA|1979-12-12|2012-05-11|CANCELADA|2012-05-11|11320|Telecomunicações
BANCO CACIQUE SA|1977-07-20|1988-12-27|CANCELADA|1988-12-27|11380|Bancos
TROMBINI SA ADM E PARTICIPACAO|1986-07-21|1999-12-13|CANCELADA|1999-12-13|11517|Emp. Adm. Participações
ULTRAQUIMICA PARTICIPACOES SA|1983-05-06|1995-07-31|CANCELADA|1995-07-31|11533|Emp. Adm. Participações
UNIBANCO LEASING S.A .-ARREND.MERCANTIL|1981-06-03|2001-06-29|CANCELADA|2001-09-28|11550|Arrendamento Mercantil
UNIBANCO BANCO INV BRASIL SA|1977-07-20|1989-12-01|CANCELADA|1989-12-01|11576|Bancos
UNIBANCO UNIAO BANCOS BRAS SA|1977-07-20|2009-04-13|CANCELADA|2009-04-13|11584|Bancos
CREDIT COMML FRANCE SA AR MERC|1980-09-22|1987-08-25|CANCELADA|1987-08-25|11665|Arrendamento Mercantil
JAIME PINHEIRO PARTIC. S/A|1982-11-10|1995-02-09|CANCELADA|1995-02-09|11878|Emp. Adm. Participações
AUXILIAR SA PARTICIPACOES|1984-06-20|2005-08-09|CANCELADA|2005-08-09|11924|Emp. Adm. Participações
TOKYO LEASING DO BRASIL SA|1984-08-28|1992-09-08|CANCELADA|1992-09-08|11983|Arrendamento Mercantil
BANESTADO LEASING SA ARR MERC|1984-10-29|2001-02-22|CANCELADA|2001-02-22|12017|Arrendamento Mercantil
BAPTISTA DA SILVA PARTICIPAÇÕES E PROJETOS SA|1984-10-30|2010-01-04|CANCELADA|2010-01-04|12033|Emp. Adm. Part. - Sem Setor Principal
GURGEL SA PARTICIPACOES|1984-11-06|2005-03-22|CANCELADA|2005-03-22|12050|Emp. Adm. Participações
ELEBRA SA ELETR BRASILEIRA|1984-12-07|2008-03-18|CANCELADA|2008-03-18|12122|Telecomunicações
HUMAITA SA|1984-12-12|1989-12-19|CANCELADA|1989-12-19|12149|Emp. Adm. Participações
SANTANDER LEASING S.A. ARRENDAMENTO MERCANTIL|1984-12-27|2001-01-05|CANCELADA|2001-01-05|12165|Arrendamento Mercantil
COMIND LEASING SA ARR MERC|1985-01-04|1993-01-12|CANCELADA|1993-01-12|12173|Arrendamento Mercantil
SIFCOINVEST SA|1985-01-16|1988-09-19|CANCELADA|1988-09-19|12203|Emp. Adm. Participações
EUROLEASE SA ARREND MERCANTIL|1985-03-04|2008-01-15|CANCELADA|2008-01-15|12289|Arrendamento Mercantil
AGF BRASIL SEGUROS SA|1985-04-09|2005-05-30|CANCELADA|2005-05-30|12343|Seguradoras e Corretoras
LORENTZEN EMPREENDIMENTOS SA|1985-04-26|1990-07-06|CANCELADA|1990-07-06|12351|Emp. Adm. Participações
BRADESCO LEASING S.A. - ARRENDAMENTO MERCANTIL|1985-06-12|1989-09-15|CANCELADA|1989-09-15|12386|Arrendamento Mercantil
NATIONAL DISTILLERS DO BR SA|1985-06-17|1986-11-28|CANCELADA|1986-11-28|12394|Emp. Adm. Participações
FISCHER SA COM IND AGRICULTURA|1985-08-19|1990-06-29|CANCELADA|1990-06-29|12432|Emp. Adm. Participações
BANCO DO ESTADO DE MATO GROSSO S.A.|1985-10-17|2007-01-09|CANCELADA|2007-01-09|12467|Bancos
CIA SEGUROS RIO BRANCO|1985-10-21|1990-01-16|CANCELADA|1990-01-16|12475|Seguradoras e Corretoras
AVARA SA|1971-10-19|1989-10-11|CANCELADA|1989-10-11|12483|Emp. Adm. Participações
INVESTEC SA|1985-11-01|1999-05-04|CANCELADA|1999-05-04|12505|Emp. Adm. Participações
BANCO HSBC S.A.|1985-11-04|2000-02-01|CANCELADA|2000-02-01|12521|Arrendamento Mercantil
MULTITEL TECNOLOGIA SA|1986-02-28|1993-06-24|CANCELADA|1993-06-24|12610|Emp. Adm. Participações
GARPA SA|1986-04-30|1990-12-19|CANCELADA|1990-12-19|12718|Emp. Adm. Participações
MODDATA SA ENG. DE TEL. E INF.|1986-05-12|2005-03-22|CANCELADA|2005-03-22|12734|Telecomunicações
SEHBE CIA DE PARTICIPACOES|1986-07-09|2005-08-09|CANCELADA|2005-08-09|12874|Emp. Adm. Participações
CMP CIA DE MINERACAO E PART|1986-07-12|1992-08-04|CANCELADA|1992-08-04|12890|Emp. Adm. Participações
MARTREX SA|1986-10-13|2001-01-09|CANCELADA|2001-01-09|13064|Emp. Adm. Participações
TECPART PARTS E EMPREENDS SA|1986-12-12|1992-11-12|CANCELADA|1992-11-12|13102|Emp. Adm. Participações
KIEPPE INVESTIMENTOS SA|1987-07-08|1995-02-14|CANCELADA|1995-02-14|13200|Emp. Adm. Participações
ALBATROZ SA|1987-11-05|1990-12-27|CANCELADA|1990-12-27|13242|Emp. Adm. Participações
MAYUTA SA|1987-11-05|1990-12-27|CANCELADA|1990-12-27|13250|Emp. Adm. Participações
PROMON TECNOLOGIA SA|1988-03-30|1990-08-16|CANCELADA|1990-08-16|13293|Emp. Adm. Participações
CMA PARTICIPAÇÕES SA|1988-06-24|2005-05-17|CANCELADA|2005-05-17|13323|Emp. Adm. Participações
SIDERURGIA BRASILEIRA SA|1988-09-09|1998-07-07|CANCELADA|1998-07-07|13374|Emp. Adm. Participações
TRILUX PARTICIPACOES SA|1988-11-29|2001-06-26|CANCELADA|2001-06-26|13420|Emp. Adm. Participações
POLPAR S.A.|1989-03-03||ATIVO|1989-03-03|13447|Emp. Adm. Part. - Sem Setor Principal
UCAR CARBON SA|1989-05-31|1995-09-12|CANCELADA|1995-09-12|13498|Emp. Adm. Participações
COLUMBIA PARTICIPACOES SA|1989-06-07|1992-11-10|CANCELADA|1992-11-10|13510|Emp. Adm. Participações
ECONOMICO SA EMPREENDIMENTOS|1989-07-28|2003-03-31|CANCELADA|2003-03-31|13536|Emp. Adm. Participações
DEDIPAR SA PARTICIPACOES|1990-02-02|1992-04-14|CANCELADA|1992-04-14|13625|Emp. Adm. Participações
NACIONAL LEASING SA ARR MEC|1990-04-05|1996-05-27|CANCELADA|1996-05-27|13676|Arrendamento Mercantil
BRADESCO LEASING S.A. ARREND. MERCANTIL|1990-11-27|2003-02-28|CANCELADA|2003-02-28|13757|Arrendamento Mercantil
SÃO CARLOS EMPREENDS E PARTICIPAÇÕES S.A|1991-03-25||ATIVO|1991-03-25|13781|Emp. Adm. Part. - Sem Setor Principal
CEMEPE INVESTIMENTOS SA|1991-06-28||ATIVO|1991-06-28|13854|Emp. Adm. Part. - Sem Setor Principal
TUPY METALMECANICA SA|1991-07-15|1993-03-11|CANCELADA|1993-03-11|13870|Emp. Adm. Participações
BTG PACTUAL SERVIÇOS FINANCEIROS S/A DTVM|1991-09-24|1999-04-28|CANCELADA|1999-04-28|13897|Arrendamento Mercantil
LEASING BMC SA ARREND MERC|1991-10-17|1998-11-18|CANCELADA|1998-11-18|13919|Arrendamento Mercantil
BB-LEASING SA ARRENDAMENTO MERCANTIL|1991-10-30|2006-09-11|CANCELADA|2006-09-11|13935|Arrendamento Mercantil
ECONOMICO SA ARREND MERCANTIL|1991-10-31|2005-03-22|CANCELADA|2005-03-22|13943|Arrendamento Mercantil
UNIBANCO LEASING S.A.- ARREND. MERCANTIL|1991-12-26|2005-11-30|CANCELADA|2005-11-30|13951|Arrendamento Mercantil
HAITONG BANCO DE INVESTIMENTO DO BRASIL S.A.|1991-12-16|2000-06-20|CANCELADA|2000-06-20|13960|Arrendamento Mercantil
POTENZA LEASING ARREND MERC SA|1992-03-27|1998-05-12|CANCELADA|1998-05-12|13978|Arrendamento Mercantil
BANORTE LEASING ARRENDAMENTO MERCANTIL SA EM LIQUIDAÇÃO EXTRAJUDICIAL|1992-05-12|2006-07-18|CANCELADA|2006-07-18|14001|Arrendamento Mercantil
BFB LEASING S.A. ARRENDAMENTO MERCANTIL|1992-12-01|2012-05-24|CANCELADA|2012-05-24|14052|Arrendamento Mercantil
MESBLA TRUST REC CARTAO CRD SA|1992-12-18|2007-01-09|CANCELADA|2007-01-09|14060|Securitização de Recebíveis
ALIPAR ALIMENTOS E PARTS SA|1992-12-28|1995-09-27|CANCELADA|1995-09-27|14079|Emp. Adm. Participações
PONTUAL LEASING SA ARREND MERC|1993-01-18|2006-07-18|CANCELADA|2006-07-18|14087|Arrendamento Mercantil
ELETROPAULO METROPOLITANA EL.S.PAULO S.A|1993-08-19||ATIVO|1993-08-19|14176|Energia Elétrica
SAFRA LEASING SA ARRENDAMENTO  MERCANTIL|1993-09-21|2003-08-29|CANCELADA|2003-08-29|14184|Arrendamento Mercantil
POLONIA PARTICIPACOES SA|1993-09-22|2002-06-03|CANCELADA|2002-06-03|14192|Emp. Adm. Participações
BRB BANCO DE BRASILIA SA|1993-09-24||ATIVO|1993-09-24|14206|Bancos
DIBENS LEASING S.A.- ARREND. MERCANTIL|1993-09-28||ATIVO|1993-09-28|14214|Arrendamento Mercantil
FIGAR SA|1993-10-18|1998-06-26|CANCELADA|1998-06-26|14222|Emp. Adm. Participações
IBM LEASING ARREND MERC SA|1993-12-03|1995-01-09|CANCELADA|1995-01-09|14257|Arrendamento Mercantil
NQ PARTICIPAÇÕES S.A.|1993-12-21|2002-08-08|CANCELADA|2002-08-08|14273|Emp. Adm. Participações
COMPANHIA PARANAENSE DE ENERGIA COPEL|1994-04-04||ATIVO|1994-04-04|14311|Energia Elétrica
VANGUARDA CIA SEGUROS GERAIS|1994-04-19|1994-09-02|CANCELADA|1994-09-02|14338|Seguradoras e Corretoras
CIA ENERGÉTICA DE PERNAMBUCO - CELPE|1994-04-29||ATIVO|1994-04-29|14362|Energia Elétrica
IVEN SA|1994-05-17|2005-04-29|CANCELADA|2005-04-29|14389|Emp. Adm. Part. - Energia Elétrica
MCOM SA TELECOMUNICACOES|1994-06-01|1995-07-20|CANCELADA|1995-07-20|14427|Emp. Adm. Participações
CIA SANEAMENTO BÁSICO ESTADO SÃO PAULO|1994-06-27||ATIVO|1994-06-27|14443|Saneamento, Serv. Água e Gás
COMPANHIA ENERGÉTICA DE BRASÍLIA - CEB|1994-07-04||ATIVO|1994-07-04|14451|Energia Elétrica
PARINCORP SA|1994-07-11|1998-09-23|CANCELADA|1998-09-23|14486|Emp. Adm. Participações
CIA DE ELETRICIDADE DO ESTADO DA BAHIA - COELBA|1994-07-28||ATIVO|1994-07-28|14524|Energia Elétrica
VBC ENERGIA SA|1994-08-30|2011-11-07|CANCELADA|2011-11-07|14540|Emp. Adm. Part. - Energia Elétrica
RIBEIRAO PRETO WATER PARK SA|1994-10-11|2004-06-30|CANCELADA|2004-06-30|14583|Emp. Adm. Participações
BOSFORO PARTICIPACOES SA|1994-10-17|1999-09-21|CANCELADA|1999-09-21|14591|Emp. Adm. Participações
ENERGISA MATO GROSSO - DISTRIBUIDORA DE ENERGIA S.A.|1994-10-25||ATIVO|1994-10-25|14605|Energia Elétrica
NEUMARKT TRADE AND FINANCIAL CENTER S/A|1994-10-27||ATIVO|1994-10-27|14613|Crédito Imobiliário
NET SERVIÇOS DE COMUNICAÇÃO S.A.|1994-11-22|2014-12-31|CANCELADA|2014-12-31|14621|Telecomunicações
PILCOMAYO PARTICIPACOES SA|1994-11-22|2002-01-17|CANCELADA|2002-01-17|14630|Emp. Adm. Participações
TUPIANA SA|1994-12-06|1998-12-18|CANCELADA|1998-12-18|14648|Emp. Adm. Participações
AUSTRAL INVESTIMENTOS SA|1994-12-02|2003-01-13|CANCELADA|2003-01-13|14656|Emp. Adm. Participações
PARCOM PARTICIPACOES SA EM LIQUIDACAO|1994-12-22||ATIVO|1994-12-22|14680|Emp. Adm. Part. - Sem Setor Principal
TEGENER PARTICIPACOES SA|1994-12-28|2001-04-06|CANCELADA|2001-04-06|14702|Emp. Adm. Participações
PARNASSA SA|1995-01-04|2000-01-03|CANCELADA|2000-01-03|14729|Emp. Adm. Participações
NACIONAL FACTORING SA|1995-01-05|1997-07-07|CANCELADA|1997-07-07|14737|Bancos
CIA INVESTS LATINOAMERICANA|1995-01-06|2003-01-13|CANCELADA|2003-01-13|14745|Emp. Adm. Participações
UNIBANCO HOLDINGS S.A.|1995-01-24|2009-04-13|CANCELADA|2009-04-13|14753|Emp. Adm. Part. - Intermediação Financeira
ARBRA SA|1995-02-20|2003-01-16|CANCELADA|2003-01-16|14788|Emp. Adm. Participações
BBC LEASING ARREND MERCANTIL-EM LIQUIDAÇÃO ORDINÁRIA|1995-02-21|2006-07-18|CANCELADA|2006-07-18|14800|Arrendamento Mercantil
CIMS SA|1995-03-14||ATIVO|1995-03-14|14818|Emp. Adm. Part. - Sem Setor Principal
BBV LEASING BRASIL SA ARR MERC|1995-04-27|1999-07-01|CANCELADA|1999-07-01|14842|Arrendamento Mercantil
HAUSCENTER SA|1995-05-02||ATIVO|1995-05-02|14850|Emp. Adm. Part. - Sem Setor Principal
CIA ENERG CEARA - COELCE|1995-06-13||ATIVO|1995-06-13|14869|Energia Elétrica
EMP SANEAM M GROSSO DO SUL S.A. -SANESUL|1995-06-13|2007-10-18|CANCELADA|2007-10-18|14877|Saneamento, Serv. Água e Gás
FIBRA LEASING SA ARREND MERC|1995-06-14|2003-05-21|CANCELADA|2003-05-21|14885|Arrendamento Mercantil
JUNGFRAU PARTICIPACOES SA|1995-06-16|1999-07-21|CANCELADA|1999-07-21|14893|Emp. Adm. Participações
PLAYCENTER SA|1995-06-16|2002-08-08|CANCELADA|2002-08-08|14907|Emp. Adm. Participações
GTD PARTICIPACOES SA|1995-06-27|2015-04-07|CANCELADA|2015-04-07|14915|Emp. Adm. Part. - Sem Setor Principal
SANTANDER BRASIL ARRENDAMENTO MERCANTIL S.A.|1995-07-06|2009-11-30|CANCELADA|2009-11-30|14940|Arrendamento Mercantil
CLUBEPAR SA|1995-08-07|2003-10-31|CANCELADA|2003-12-30|14982|Emp. Adm. Participações
COMPAQ FINANCIAL SERVICES ARREND MERC SA|1995-08-11|2004-04-22|CANCELADA|2004-04-22|14990|Arrendamento Mercantil
SULABENTURES SA|1995-08-16|2002-09-19|CANCELADA|2002-09-19|15008|Emp. Adm. Participações
GRAPIA SA|1995-09-05|1998-12-18|CANCELADA|1998-12-18|15016|Emp. Adm. Participações
FENICIAPAR S/A|1995-09-15||SUSPENSO(A) - DECISÃO ADM|2021-07-02|15024|Securitização de Recebíveis
ENERTEL ENERGIA TELEC PART SA|1995-09-18|2001-04-04|CANCELADA|2001-04-04|15032|Emp. Adm. Participações
BESC SA ARRENDAMENTO MERCANTIL|1995-09-19|2010-04-13|CANCELADA|2010-04-13|15040|Arrendamento Mercantil
DIAMONDMALL SA EMPREENDS PARTS|1995-09-27|1997-01-10|CANCELADA|1997-01-10|15059|Emp. Adm. Participações
TOP SHOPPING EMPRS E PARTS SA|1995-10-03|2000-05-16|CANCELADA|2000-05-16|15075|Emp. Adm. Participações
CCB BRASIL ARRENDAMENTO MERCANTIL S/A|1995-11-16|2021-08-17|CANCELADA|2021-08-17|15121|Arrendamento Mercantil
BANRISUL S.A.  ADMINISTRADORA DE CONSÓRCIOS|1995-11-29|2010-12-17|CANCELADA|2010-12-17|15130|Bancos
MASSA FALIDA DA CREFISUL LEASING SA ARREND MERCL|1995-12-11|2015-02-09|CANCELADA|2015-02-09|15164|Arrendamento Mercantil
BOAVISTA SA ARREND MERCANTIL|1995-12-11|2003-11-12|CANCELADA|2003-11-12|15172|Arrendamento Mercantil
SANTA CATARINA PART INVEST SA|1995-12-13||ATIVO|1995-12-13|15199|Emp. Adm. Part. - Intermediação Financeira
HSBC ASSET FINANCE (BRASIL) - ARRENDAMEN|1995-12-13|2004-10-29|CANCELADA|2004-10-29|15210|Arrendamento Mercantil
BMD LEASING SA ARREND MERC|1995-12-13|1998-04-02|CANCELADA|1998-04-02|15229|Arrendamento Mercantil
BANESTES LEASING SA ARR MERC|1995-12-15|2005-03-01|CANCELADA|2005-03-01|15245|Arrendamento Mercantil
ENERGISA SA|1995-12-20||ATIVO|1995-12-20|15253|Emp. Adm. Part. - Energia Elétrica
ABN AMRO ARRENDAMENTO MERCANTIL SA|1995-12-20|2009-09-30|CANCELADA|2009-09-30|15270|Arrendamento Mercantil
CETERP-CENT TELEF RIB PRETO SA|1995-12-21|2000-10-24|CANCELADA|2000-10-24|15288|Telecomunicações
RURAL LEASING SA ARREND MERC|1995-12-27|2006-05-23|CANCELADA|2006-05-23|15296|Arrendamento Mercantil
ANCAR SHOPPING SA|1996-01-11|2001-11-30|CANCELADA|2001-11-30|15326|Emp. Adm. Participações
BOMBRIL HOLDING SA|1996-01-12|2011-08-18|CANCELADA|2011-08-18|15334|Emp. Adm. Part. - Sem Setor Principal
EDP ESPIRITO SANTO DISTRIBUIÇÃO DE ENERGIA S.A.|1996-01-19||ATIVO|1996-01-19|15342|Energia Elétrica
S.A.V.SA|1996-01-26|2000-06-15|CANCELADA|2000-06-15|15350|Emp. Adm. Participações
NOVA SHOPPING CENTER SA|1996-02-22|1997-02-05|CANCELADA|1997-02-05|15385|Emp. Adm. Participações
COMPANHIA DE INVESTIMENTOS PARTICIPAR|1996-02-28|2001-08-20|CANCELADA|2001-08-20|15415|Emp. Adm. Participações
ATOM EMPREENDIMENTOS E PARTICIPAÇÕES S.A.|1996-02-28||ATIVO|1996-02-28|15423|Emp. Adm. Part. - Sem Setor Principal
M HOLDINGS SA|1996-03-01|1998-06-24|CANCELADA|1998-06-24|15431|Emp. Adm. Participações
EMBPAR PARTICIPAÇÕES S/A|1996-03-14||ATIVO|1996-03-14|15458|Emp. Adm. Part. - Sem Setor Principal
MCOM WIRELESS SA|1996-04-29|2005-06-17|CANCELADA|2005-06-17|15504|Emp. Adm. Participações
BANCO ALVORADA S.A.|1996-05-02|2003-10-28|CANCELADA|2003-10-28|15512|Bancos
TUPINAMBARANA SA|1996-05-06|1997-10-30|CANCELADA|1997-10-30|15520|Emp. Adm. Participações
NEOENERGIA S.A|1996-05-08||ATIVO|1996-05-08|15539|Emp. Adm. Part. - Energia Elétrica
PARANA SHOPPING ADM DE BENS SA|1996-05-09|2001-09-03|CANCELADA|2001-09-03|15547|Emp. Adm. Participações
CIDADELA TRUST RECEBIVEIS SA|1996-05-24|2008-03-18|CANCELADA|2008-03-18|15571|Securitização de Recebíveis
ITABAPOANA PARTICIPACOES SA|1996-06-17|1998-07-14|CANCELADA|1998-07-14|15601|Emp. Adm. Participações
BANEB LEASING SA ARREND MERC|1996-06-25|2000-06-20|CANCELADA|2000-06-20|15628|Arrendamento Mercantil
COMPANHIA DE GÁS DE SÃO PAULO - COMGÁS|1996-07-03||ATIVO|1996-07-03|15636|Emp. Adm. Part. - Saneamento, Serv. Água e Gás
CAIXA SEGURADORA SA|1996-08-19|2011-04-11|CANCELADA|2011-04-11|15687|Seguradoras e Corretoras
CAIXA ADM DIV PUB ESTADUAL SA|1996-09-04||ATIVO|1996-09-04|15717|Intermediação Financeira
TELETRUST DE RECEBIVEIS SA|1996-09-20|2005-06-01|CANCELADA|2005-06-01|15768|Bancos
ELETROBRÁS PARTICIPAÇÕES S.A. - ELETROPAR|1996-09-30||ATIVO|1996-09-30|15784|Emp. Adm. Part. - Energia Elétrica
CIA INTER-ATLANTICO PARTICIPS|1996-10-10|1997-03-03|CANCELADA|1997-03-03|15792|Emp. Adm. Participações
DOMINIUM PAR SA|1996-10-14|1999-10-08|CANCELADA|1999-10-08|15806|Emp. Adm. Participações
CIA TERRAS BONSUCESSO|1996-10-22|1999-05-13|CANCELADA|1999-05-13|15830|Emp. Adm. Participações
ITAITINGA PARTICIPACOES SA|1996-11-07|2019-08-19|CANCELADA|2019-08-19|15865|Emp. Adm. Part. - Sem Setor Principal
TEXPAR SA|1996-11-08|2002-12-17|CANCELADA|2002-12-17|15873|Emp. Adm. Participações
MERCANTIL DO BRASIL LEASING SA|1996-11-29|2017-05-31|CANCELADA|2017-05-31|15890|Arrendamento Mercantil
PATÍ DO ALFERES PARTICIPAÇÕES S.A.|1996-12-05|2002-01-17|CANCELADA|2002-01-17|15911|Emp. Adm. Participações
TRANSUL SA|1996-12-05|1999-12-13|CANCELADA|1999-12-13|15938|Emp. Adm. Participações
RAIL SUL SA|1996-12-05|2006-01-31|CANCELADA|2006-01-31|15946|Emp. Adm. Part. - Sem Setor Principal
INDL BRASIL ARREND MERC SA|1996-12-05|2003-10-01|CANCELADA|2003-10-01|15954|Arrendamento Mercantil
PROMOAUTO PARTICIPAÇÕES SA|1996-12-12|2003-01-16|CANCELADA|2003-01-16|15970|Emp. Adm. Participações
ROSSI SECURITIES SA|1996-12-23|2000-06-15|CANCELADA|2000-06-15|15989|Seguradoras e Corretoras
SOLE DO BRASIL S.A. TELECOMUNICAÇÕES E COMERCIO EXTERIOR|1996-12-26|2010-01-04|CANCELADA|2010-01-04|16004|Telecomunicações
SCGR EMPRS PARTICIPACOES SA|1997-01-22|1999-05-04|CANCELADA|1999-05-04|16063|Emp. Adm. Participações
IRIRI PARTICIPACOES SA|1997-02-21|2001-09-04|CANCELADA|2001-09-04|16110|Emp. Adm. Participações
SE SA COMERCIO E IMPORTACAO|1997-02-21|1998-06-12|CANCELADA|1998-06-12|16128|Emp. Adm. Participações
ITINGA PARTICIPACOES SA|1997-02-21|1999-04-23|CANCELADA|1999-04-23|16136|Emp. Adm. Participações
SUL LOGISTICA SA|1997-02-26|1999-12-13|CANCELADA|1999-12-13|16144|Emp. Adm. Participações
TELET SA|1997-03-06|2006-06-30|CANCELADA|2006-06-30|16152|Telecomunicações
AMERICEL SA|1997-03-26|2012-09-04|CANCELADA|2012-09-04|16195|Telecomunicações
ELETRON SA|1997-04-15|2020-02-07|CANCELADA|2020-02-07|16209|Emp. Adm. Part. - Sem Setor Principal
VALETRON SA|1997-04-23|2015-12-23|CANCELADA|2015-12-23|16225|Emp. Adm. Part. - Sem Setor Principal
BELAPART SA|1997-04-23|2017-05-26|CANCELADA|2017-05-26|16233|Emp. Adm. Part. - Crédito Imobiliário
SOC.DE ABASTEC.DE ÁGUA E SANEAMENTO S.A.|1997-04-29||ATIVO|1997-04-29|16241|Saneamento, Serv. Água e Gás
524 PARTICIPAÇOES SA|1997-05-30||ATIVO|1997-05-30|16284|Emp. Adm. Part. - Sem Setor Principal
INFOVIAS PNSC SA|1997-07-02|2002-05-27|CANCELADA|2002-05-27|16314|Emp. Adm. Participações
CENTRAIS ELÉTRICAS CACHOEIRA DOURADA S/A|1997-07-11|2001-09-17|CANCELADA|2001-09-17|16322|Energia Elétrica
521 PARTICIPAÇOES S.A. - EM LIQUIDAÇÃO EXTRAJUDICIAL|1997-07-11||ATIVO|1997-07-11|16330|Emp. Adm. Part. - Energia Elétrica
525 PARTICIPAÇOES SA|1997-07-16|2006-05-30|CANCELADA|2006-05-30|16349|Emp. Adm. Part. - Sem Setor Principal
OAHAKA PARTICIPACOES SA|1997-07-17|2002-09-30|CANCELADA|2002-09-30|16365|Emp. Adm. Participações
CIA ESTADUAL DE ÁGUAS E ESGOTOS - CEDAE|1997-07-28||ATIVO|2010-10-20|16373|Saneamento, Serv. Água e Gás
MARINGA PARK SA|1997-07-31|2005-03-22|CANCELADA|2005-03-22|16381|Crédito Imobiliário
ELETRON PNSC SA|1997-08-11|2004-05-12|CANCELADA|2004-05-12|16403|Emp. Adm. Participações
LAEROB PARTICIPACOES SA|1997-08-26|2003-10-21|CANCELADA|2003-10-21|16420|Emp. Adm. Participações
COMPANHIA DE PARTICIPAÇÕES ALPHA|1997-09-16|2008-11-27|CANCELADA|2008-11-27|16454|Emp. Adm. Part. - Sem Setor Principal
ZOGBI LEASING S/A ARRENDAMENTO MERCANTIL|1997-09-18|2004-12-23|CANCELADA|2004-12-23|16462|Arrendamento Mercantil
ORBIS TRUST SECURITIZADORA DE CREDITOS S/A|1997-09-23|2008-07-28|CANCELADA|2008-07-28|16470|Securitização de Recebíveis
BANKBOSTON COMPANHIA HIPOTECÁRIA|1997-10-07|2004-01-26|CANCELADA|2004-01-26|16500|Bancos
RGE SUL DISTRIBUIDORA DE ENERGIA S.A.|1997-10-13||ATIVO|1997-10-13|16527|Energia Elétrica
RIO GRANDE ENERGIA SA|1997-10-13|2019-01-01|CANCELADA|2019-01-01|16535|Energia Elétrica
CASCAIS PARTICIPACOES SA|1997-10-21|1999-12-13|CANCELADA|1999-12-13|16543|Emp. Adm. Participações
BONAIRE PARTICIPAÇÕES S.A.- EM LIQUIDAÇÃO|1997-11-03||ATIVO|1997-11-03|16560|Emp. Adm. Part. - Energia Elétrica
SUDESTE SA|1997-11-10||ATIVO|1997-11-10|16586|Emp. Adm. Part. - Sem Setor Principal
EQUATORIAL MARANHÃO DISTRIBUIDORA DE ENERGIA S.A.|1997-11-13||ATIVO|1997-11-13|16608|Energia Elétrica
CIA. DISTRIB. DE GÁS DO RIO DE JANEIRO|1997-11-17||ATIVO|1997-11-17|16616|Saneamento, Serv. Água e Gás
UPTICK PARTICIPACOES SA|1997-11-19||ATIVO|1997-11-19|16624|Emp. Adm. Part. - Energia Elétrica
PORTO SEGURO SA|1997-11-28||ATIVO|1997-11-28|16659|Emp. Adm. Part. - Seguradoras e Corretoras
CIA PAULISTA DE ADM DE ATIVOS|1997-12-04|1999-11-04|CANCELADA|1999-11-04|16683|Emp. Adm. Participações
LIGA FUTEBOL SA|1997-12-08|2013-01-15|CANCELADA|2013-01-15|16691|Emp. Adm. Part. - Sem Setor Principal
YBYRÁ S.A.|1997-12-08||ATIVO|1997-12-08|16705|Emp. Adm. Part. - Sem Setor Principal
INEPAR ENERGIA SA|1997-12-17|2011-11-21|CANCELADA|2011-11-21|16730|Energia Elétrica
CIA RIOGRANDENSE DE SANEAMENTO|1997-12-19||ATIVO|1997-12-19|16748|Saneamento, Serv. Água e Gás
EMBRAH TRUST SA|1998-01-08|2005-12-08|CANCELADA|2005-12-08|16764|Securitização de Recebíveis
BNDES PARTICIPAÇÕES S.A. - BNDESPAR|1998-01-13||ATIVO|1998-01-13|16772|Emp. Adm. Part. - Sem Setor Principal
A.P. PARTICIPAÇOES SA|1998-01-21|2004-12-23|CANCELADA|2004-12-23|16802|Emp. Adm. Participações
CIA CAT. DE ÁGUAS E SANEAMENTO - CASAN|1998-02-06||ATIVO|1998-02-06|16861|Saneamento, Serv. Água e Gás
DOCASNET SA|1998-02-09|2001-10-02|CANCELADA|2001-10-02|16870|Emp. Adm. Participações
ARGENTUM PARTICIPACOES SA|1998-02-12|2000-06-20|CANCELADA|2000-06-20|16888|Emp. Adm. Participações
CIA ENERGETICA MERIDIONAL|1998-02-26|2008-03-28|CANCELADA|2008-03-28|16900|Energia Elétrica
AMARANTE PARTICIPACOES SA|1998-02-26|2000-06-20|CANCELADA|2000-06-20|16918|Emp. Adm. Participações
ARDOSIA PARTICIPACOES SA|1998-02-26|2000-11-24|CANCELADA|2000-11-24|16926|Emp. Adm. Participações
OPPORTUNITY ENERGIA E PARTICIPAÇÕES S.A.|1998-03-06|2021-12-03|CANCELADA|2021-12-03|16942|Emp. Adm. Part. - Sem Setor Principal
DALETH PARTICIPAÇÕES SA - EM LIQUIDAÇÃO|1998-03-06|2017-05-30|CANCELADA|2017-05-30|16950|Emp. Adm. Part. - Saneamento, Serv. Água e Gás
GANGES PARTICIPACOES SA|1998-03-19|2000-06-27|CANCELADA|2000-06-27|16969|Emp. Adm. Participações
MULTI-CAR RIO TERMINAL DE VEÍCULOS S/A|1998-03-26|2004-03-29|CANCELADA|2004-03-29|16977|Emp. Adm. Participações
EDP SÃO PAULO DISTRIBUIÇÃO DE ENERGIA S.A.|1998-03-27||ATIVO|1998-03-27|16985|Energia Elétrica
EMAE EMP.METROPOLITANA ÁGUAS ENERGIA S.A|1998-03-27||ATIVO|1998-03-27|16993|Energia Elétrica
EPTE-EMPR. PTA TRANS. ENERG. ELETR. S.A.|1998-03-27|2001-10-31|CANCELADA|2001-11-22|17000|Energia Elétrica
ITAÚ RENT ADM. E PARTICIPAÇÕES S.A.|1998-04-06|2002-08-19|CANCELADA|2002-08-19|17019|Emp. Adm. Participações
BRADESCO LEASING S.A. - ARRENDAMENTO MERCANTIL|1998-04-06|2001-06-18|CANCELADA|2001-06-18|17027|Arrendamento Mercantil
FG TRUST SA|1998-04-16|2012-12-28|CANCELADA|2012-12-28|17043|Emp. Adm. Part. - Securitização de Recebíveis
VASCO DA GAMA LICENCIAMENTOS S/A|1998-04-29|2002-09-18|CANCELADA|2002-09-18|17051|Emp. Adm. Participações
MASSA FALIDA DA PROCID PARTICIPAÇÕES E NEGÓCIOS SA|1998-05-04|2010-01-04|CANCELADA|2010-01-04|17060|Emp. Adm. Part. - Intermediação Financeira
TIM NORDESTE TELECOMUNICAÇÕES S.A.|1998-05-06|2005-12-06|CANCELADA|2005-12-06|17078|Telecomunicações
CTMR CELULAR SA|1998-05-06|2003-07-31|CANCELADA|2003-07-31|17086|Telecomunicações
TELAIMA CELULAR SA|1998-05-06|2000-11-17|CANCELADA|2000-11-17|17094|Telecomunicações
TELAMAZON CELULAR SA|1998-05-06|2000-11-17|CANCELADA|2000-11-17|17108|Telecomunicações
TELASA CELULAR SA|1998-05-06|2004-01-30|CANCELADA|2004-01-30|17116|Telecomunicações
TELEACRE CELULAR SA|1998-05-06|2000-05-19|CANCELADA|2000-05-19|17124|Telecomunicações
TELEAMAPÁ CELULAR SA|1998-05-06|2000-11-17|CANCELADA|2000-11-17|17132|Telecomunicações
TELEBAHIA CELULAR SA|1998-05-06|2001-04-27|CANCELADA|2001-04-27|17140|Telecomunicações
TELEBRASÍLIA CELULAR SA|1998-05-06|2002-04-26|CANCELADA|2002-04-26|17159|Telecomunicações
TELECEARÁ CELULAR SA|1998-05-06|2004-01-30|CANCELADA|2004-01-30|17167|Telecomunicações
TELEGOIAS CELULAR SA|1998-05-06|2001-12-17|CANCELADA|2001-12-17|17175|Telecomunicações
TELEPARÁ CELULAR SA|1998-05-06|2000-11-13|CANCELADA|2000-11-13|17183|Telecomunicações
TELEPISA CELULAR SA|1998-05-06|2004-01-30|CANCELADA|2004-01-30|17191|Telecomunicações
TELEMAT CELULAR SA|1998-05-06|2000-05-19|CANCELADA|2000-05-19|17205|Telecomunicações
TELEMIG CELULAR SA|1998-05-06|2009-10-16|CANCELADA|2009-10-16|17213|Telecomunicações
TIM SUL S.A.|1998-05-06|2005-12-06|CANCELADA|2005-12-06|17221|Telecomunicações
TELERGIPE CELULAR SA|1998-05-06|2001-04-18|CANCELADA|2001-04-18|17230|Telecomunicações
TELERJ CELULAR SA|1998-05-06|2001-03-20|CANCELADA|2001-03-20|17248|Telecomunicações
TELERN CELULAR SA|1998-05-06|2004-01-30|CANCELADA|2004-01-30|17256|Telecomunicações
TELERON CELULAR SA|1998-05-06|2000-10-31|CANCELADA|2000-10-31|17264|Telecomunicações
TELESP CELULAR SA|1998-05-06|2000-02-28|CANCELADA|2000-02-28|17272|Telecomunicações
AMAZONIA CELULAR S/A|1998-05-06|2009-03-09|CANCELADA|2009-03-09|17280|Telecomunicações
TELEST CELULAR SA|1998-05-06|2001-03-20|CANCELADA|2001-03-20|17299|Telecomunicações
TELPA CELULAR SA|1998-05-06|2004-01-30|CANCELADA|2004-01-30|17302|Telecomunicações
ALTA - AMER.LAT.TELEC.AVANÇADAS S/A|1998-05-11|2003-12-29|CANCELADA|2003-12-29|17310|Telecomunicações
ENGIE BRASIL ENERGIA S.A.|1998-05-28||ATIVO|1998-05-28|17329|Energia Elétrica
METALTRUST S/A (5212 PARTICIPAÇÕES S/A)|1998-06-16|2012-05-31|CANCELADA|2012-05-31|17370|Emp. Adm. Part. - Securitização de Recebíveis
TEXTILIA SA|1998-06-26|2004-12-23|CANCELADA|2004-12-23|17426|Emp. Adm. Participações
POCONÉ PARTICIPAÇÕES SA|1998-07-02|2003-01-30|CANCELADA|2003-01-30|17469|Emp. Adm. Participações
PIRAJU PARTICIPACOES SA|1998-07-02|2001-09-06|CANCELADA|2001-09-06|17477|Emp. Adm. Participações
ELEKTRO REDES S.A.|1998-07-08||ATIVO|1998-07-08|17485|Energia Elétrica
INNCORP S.A.|1998-07-20|2020-11-05|CANCELADA|2020-11-05|17558|Emp. Adm. Part. - Sem Setor Principal
TELE NORTE CELULAR PARTICIPAÇÕES SA|1998-08-18|2013-01-07|CANCELADA|2013-01-07|17604|Telecomunicações
EMBRATEL PARTICIPAÇÕES SA|1998-08-19|2014-12-31|CANCELADA|2014-12-31|17647|Telecomunicações
TELE NORTE LESTE PARTICIPAÇÕES SA|1998-08-19|2012-02-27|CANCELADA|2012-02-27|17655|Telecomunicações
TELE NORDESTE CELULAR PARTICIPAÇÕES SA|1998-08-19|2004-08-19|CANCELADA|2004-08-19|17663|Emp. Adm. Participações
TELEFÔNICA BRASIL S.A.|1998-08-19||ATIVO|1998-08-19|17671|Telecomunicações
TELEMIG CELULAR PARTICIPAÇÕES S.A.|1998-08-19|2009-10-16|CANCELADA|2009-10-16|17701|Telecomunicações
VIVO PARTICIPAÇÕES SA|1998-08-19|2011-10-03|CANCELADA|2011-10-03|17710|Telecomunicações
CBCC PARTICIPAÇÕES SA|1998-08-24|2010-11-16|CANCELADA|2010-11-16|17728|Emp. Adm. Part. - Sem Setor Principal
FAROL DO LAGO SA|1998-08-25|2001-07-23|CANCELADA|2001-07-23|17736|Emp. Adm. Participações
PÁTRIA INVESTIMENTOS IMOBILIÁRIOS S.A.|1998-09-10|2008-02-22|CANCELADA|2008-02-22|17744|Emp. Adm. Part. - Crédito Imobiliário
RENNER PARTICIPAÇÕES SA|1998-09-15|2009-07-20|CANCELADA|2009-07-20|17752|Emp. Adm. Part. - Intermediação Financeira
SUBESTAÇÃO ELETROMETRÔ S/A|1998-09-25|2015-03-04|CANCELADA|2015-03-04|17787|Emp. Adm. Part. - Energia Elétrica
EASYPAR SA|1998-10-02|2010-01-04|CANCELADA|2010-01-04|17795|Intermediação Financeira
S.F.S.P.V. EMPRS E PARTS SA|1998-10-02|1999-07-21|CANCELADA|1999-07-21|17809|Emp. Adm. Participações
TELESC CELULAR S/A|1998-10-05|2003-07-31|CANCELADA|2003-07-31|17825|Telecomunicações
TELECOM STA CATARINA SA|1998-10-05|2000-02-28|CANCELADA|2000-02-28|17833|Telecomunicações
TELEMS CELULAR SA|1998-10-05|2000-05-19|CANCELADA|2000-05-19|17841|Telecomunicações
BETAPART PARTICIPAÇÕES SA|1998-11-06||ATIVO|1998-11-06|17884|Emp. Adm. Part. - Crédito Imobiliário
BRAZILIAN FINANCE & REAL ESTATE S.A.|1998-11-10||ATIVO|1998-11-10|17922|Emp. Adm. Part. - Sem Setor Principal
AL-CAR EMPREENDIMENTOS E PARTICIPAÇÕES SA|1998-11-27|2007-11-13|CANCELADA|2007-11-13|17957|Emp. Adm. Part. - Sem Setor Principal
GAMA PARTICIPAÇÕES S.A.|1998-12-01||ATIVO|1998-12-01|17965|Emp. Adm. Part. - Sem Setor Principal
SONDIS BRASIL SA|1998-12-02|2000-02-03|CANCELADA|2000-02-03|17981|Emp. Adm. Participações
REALPAR PARTICIPAÇÕES S.A-EM LIQUIDAÇÃO|1998-12-09|2002-01-14|CANCELADA|2002-01-14|18015|Emp. Adm. Participações
REAL CONSÓRCIO PART. S.A.(EM LIQUIDAÇÃO)|1998-12-09|2002-01-14|CANCELADA|2002-01-14|18023|Emp. Adm. Participações
GEODEX COMMUNICATIONS S.A.|1998-12-09|2008-04-28|CANCELADA|2008-04-28|18031|Telecomunicações
ACTORI PARTICIPAÇÕES SA|1998-12-09|2002-04-24|CANCELADA|2002-04-24|18040|Emp. Adm. Participações
PARQUES TEMÁTICO HOPI HARI S.A|1998-12-09|2002-09-27|CANCELADA|2002-09-27|18058|Emp. Adm. Participações
ALTERE SECURITIZADORA S.A.|1998-12-10||ATIVO|1998-12-10|18066|Securitização de Recebíveis
ALBAE PARTICIPACOES SA|1998-12-10|2002-05-15|CANCELADA|2002-05-15|18074|Emp. Adm. Participações
ALIUM PARTICIPAÇÕES SA|1998-12-10|2011-08-31|CANCELADA|2011-08-31|18082|Emp. Adm. Part. - Sem Setor Principal
AETATIS SECURITIZADORA S.A.|1998-12-17|2016-06-24|CANCELADA|2016-06-24|18104|Securitização de Recebíveis
INVESTMOBILE SA|1998-12-21|2002-09-30|CANCELADA|2002-09-30|18120|Emp. Adm. Participações
CIA ENERGÉTICA DO RIO GRANDE DO NORTE|1999-01-04||ATIVO|1999-01-04|18139|Energia Elétrica
BRADESPLAN PARTICIPAÇOES SA|1999-03-02|2006-02-07|CANCELADA|2006-02-07|18180|Emp. Adm. Part. - Intermediação Financeira
MAVERICK SA|1999-05-04|2001-06-05|CANCELADA|2001-06-05|18228|Emp. Adm. Participações
CONFIANZA SECURITIZADORA SA|1999-05-04||ATIVO|1999-05-04|18236|Securitização de Recebíveis
ATL - ALGAR TELECOM LESTE S.A.|1999-05-13|2003-07-10|CANCELADA|2003-07-10|18252|Telecomunicações
ALIMENTA PARTICIPAÇÕES E SERVIÇOS SA|1999-05-26|2003-11-10|CANCELADA|2003-11-10|18260|Emp. Adm. Participações
VIRGO II COMPANHIA DE SECURITIZACAO|1999-05-31|2022-06-01|CANCELADA|2022-06-01|18287|Securitização de Recebíveis
EQUATORIAL PARÁ DISTRIBUIDORA DE ENERGIA S.A.|1999-06-14||ATIVO|1999-06-14|18309|Energia Elétrica
CALIBRE PARTICIPAÇÕES S/A|1999-06-21|2003-10-09|CANCELADA|2003-10-09|18325|Emp. Adm. Participações
PROMPT PARTICIPAÇÕES S.A.|1999-06-18||ATIVO|1999-06-18|18333|Emp. Adm. Part. - Sem Setor Principal
AES TIETE SA|1999-07-14|2015-12-31|CANCELADA|2015-10-26|18350|Energia Elétrica
RIO PARANAPANEMA ENERGIA SA|1999-07-14||ATIVO|1999-07-14|18368|Energia Elétrica
CTEEP-CIA TRANSM ENERGIA ELÉTR. PAULISTA|1999-07-14||ATIVO|1999-07-14|18376|Energia Elétrica
TRK BRASIL TRUST SA|1999-07-23|2003-10-31|CANCELADA|2003-10-31|18392|Emp. Adm. Participações
OPEA SECURITIZADORA S.A.|1999-08-02||ATIVO|1999-08-02|18406|Securitização de Recebíveis
REAL AI PIC SECURITIZADORA DE CREDITOS IMOBILIARIOS S.A.|1999-09-14||ATIVO|1999-09-14|18430|Securitização de Recebíveis
NACIONAL IGUATEMI BAHIA PARTICIPAÇÕES SA|1999-09-24|2003-08-29|CANCELADA|2003-08-29|18457|Emp. Adm. Participações
UOL INC. S.A.|1999-10-15|2003-09-15|CANCELADA|2003-09-15|18473|Emp. Adm. Participações
DR. INVEST S/A|2000-01-05|2002-02-08|CANCELADA|2002-02-08|18511|Emp. Adm. Participações
COMPANHIA DE ÁGUA E ESGOTO DO CEARÁ  - CAGECE|2000-01-19||ATIVO|2000-01-19|18546|Saneamento, Serv. Água e Gás
PAN ARRENDAMENTO MERCANTIL S.A.|2000-01-25||ATIVO|2000-01-25|18554|Arrendamento Mercantil
AUFERVILLE TRUST SA|2000-01-26|2008-03-18|CANCELADA|2008-03-18|18562|Securitização de Recebíveis
INVESTHOTEL S.A.|2000-01-31|2002-09-19|CANCELADA|2002-09-19|18570|Emp. Adm. Participações
INVESTCO S/A|2000-02-04||ATIVO|2000-02-04|18589|Energia Elétrica
DTCOM - DIRECT TO COMPANY S.A.|2000-02-04||ATIVO|2000-02-04|18597|Telecomunicações
BCP S/A|2000-02-16|2004-06-18|CANCELADA|2004-06-18|18600|Telecomunicações
MEGAPART PARTICIPAÇÕES SA|2000-03-10|2004-04-13|CANCELADA|2004-04-13|18619|Emp. Adm. Participações
CIA. DE SANEAMENTO DO PARANÁ - SANEPAR|2000-03-10||ATIVO|2000-03-10|18627|Saneamento, Serv. Água e Gás
PRIVATINVEST PARTICIPAÇÕES SA|2000-03-14|2011-08-31|CANCELADA|2011-08-31|18635|Emp. Adm. Part. - Sem Setor Principal
LATINTECH CAPITAL S/A|2000-03-27|2001-06-12|CANCELADA|2001-06-12|18643|Emp. Adm. Participações
ARAUCÁRIA PARTICIPAÇÕES SA|2000-04-18|2014-11-14|CANCELADA|2014-11-14|18651|Emp. Adm. Part. - Sem Setor Principal
CPFL ENERGIA SA|2000-05-18||ATIVO|2000-05-18|18660|Emp. Adm. Part. - Energia Elétrica
CIA DE PARTICIPAÇÕES ALIANÇA DA BAHIA|2000-07-26||ATIVO|2000-07-26|18708|Emp. Adm. Part. - Sem Setor Principal
CEMIG TELECOMUNICAÇÕES S/A|2000-07-31|2018-03-31|CANCELADA|2018-03-31|18716|Telecomunicações
ITIQUIRA ENERGÉTICA S/A|2000-08-08|2009-02-02|CANCELADA|2009-02-02|18732|Energia Elétrica
ELETRONET S/A|2000-08-31|2016-09-15|CANCELADA|2016-09-15|18740|Telecomunicações
BRAZILIAN SECURITIES CIA SECURITIZAÇÃO|2000-09-04||ATIVO|2000-09-04|18759|Securitização de Recebíveis
CHEMICAL TRUST S/A|2000-09-08|2005-01-07|CANCELADA|2005-01-07|18767|Emp. Adm. Participações
JIQUIRIÇA PARTICIPAÇÕES SA|2000-10-31|2001-12-31|CANCELADA|2001-12-31|18805|Emp. Adm. Participações
UHESC S/A|2000-12-05|2005-06-27|CANCELADA|2005-06-27|18813|Emp. Adm. Participações
FINAÚSTRIA ARRENDAMENTO MERCANTIL S.A.|2000-12-26|2003-12-16|CANCELADA|2003-12-16|18830|Arrendamento Mercantil
RRSPE EMPRENDIMENTOS E PARTICIPAÇÕES S/A|2001-01-16|2004-12-29|CANCELADA|2004-12-29|18856|Emp. Adm. Participações
BSE SA|2001-01-31|2004-01-19|CANCELADA|2004-01-19|18864|Telecomunicações
ITA ENERGETICA S/A|2001-03-21|2012-12-26|CANCELADA|2012-12-26|18910|Energia Elétrica
MACHADINHO ENERGÉTICA SA|2001-03-29|2012-12-13|CANCELADA|2012-12-13|18929|Energia Elétrica
TELEFONICA DATA BRASIL HOLDING SA|2001-05-08|2006-04-28|CANCELADA|2006-04-28|18937|Telecomunicações
CPFL GERAÇÃO DE ENERGIA S/A|2001-06-07||ATIVO|2001-06-07|18953|Energia Elétrica
AES TIETÊ ENERGIA S.A|2001-06-29|2021-05-13|CANCELADA|2021-05-13|18970|Emp. Adm. Part. - Energia Elétrica
ENERGISA SERGIPE - DISTRIBUIDORA DE ENERGIA S/A|2001-07-17||ATIVO|2001-07-17|18996|Energia Elétrica
PEVÊ-FINASA PARTICIPAÇÕES E PRÉDIOS S.A.|2001-08-31|2003-01-30|CANCELADA|2003-01-30|19038|Emp. Adm. Participações
CONEPAR PETROQUIMICA SA|2001-10-08|2002-12-18|CANCELADA|2002-12-18|19054|Emp. Adm. Participações
ANDRADE GUTIERREZ PARTICIPAÇÕES SA|2001-10-29|2019-08-12|CANCELADA|2019-08-12|19062|Emp. Adm. Part. - Sem Setor Principal
DOMMO EMPREENDIMENTOS IMOBILIÁRIOS S.A.|2001-10-29|2016-12-22|CANCELADA|2016-12-22|19070|Emp. Adm. Part. - Arrendamento Mercantil
COARI PARTICIPAÇÕES SA|2001-10-29|2012-02-27|CANCELADA|2012-02-27|19089|Telecomunicações
CAIANDA PARTICIPAÇÕES SA|2001-10-29||ATIVO|2001-10-29|19097|Emp. Adm. Part. - Sem Setor Principal
CABINDA PARTICIPAÇÕES SA|2001-10-29||ATIVO|2001-10-29|19119|Emp. Adm. Part. - Sem Setor Principal
CAICOS PARTICIPAÇÕES SA|2001-10-29|2005-01-27|CANCELADA|2005-01-27|19127|Emp. Adm. Participações
CACONDE PARTICIPAÇÕES SA|2001-10-29||ATIVO|2001-10-29|19135|Emp. Adm. Part. - Sem Setor Principal
SÃO PAULO WELLNESS S/A|2001-11-14|2004-04-06|CANCELADA|2004-04-06|19160|Emp. Adm. Participações
SANEAMENTO DE GOIAS SA|2001-12-11||ATIVO|2012-10-16|19186|Saneamento, Serv. Água e Gás
NOVA AÇÃO PARTICIPAÇÕES S.A.|2002-01-31|2020-05-29|CANCELADA|2020-05-29|19224|Emp. Adm. Part. - Sem Setor Principal
PRODUTORES ENERGETICOS DE MANSO SA - PROMAN|2002-02-07||ATIVO|2002-02-07|19232|Energia Elétrica
CIA PIRATININGA DE FORÇA E LUZ|2002-04-18||ATIVO|2002-04-18|19275|Energia Elétrica
AES ELPA SA|2002-10-14|2018-09-05|CANCELADA|2018-09-05|19313|Emp. Adm. Part. - Energia Elétrica
EPILIFE EMPREENDIMENTOS E PART S/A|2002-11-22|2008-10-16|CANCELADA|2008-10-16|19321|Emp. Adm. Part. - Sem Setor Principal
ITAÚ UNIBANCO HOLDING S.A.|2002-12-30||ATIVO|2002-12-30|19348|Bancos
REC SAO BERNARDO SECURITIZADORA DE CREDITOS IMOBILIARIOS S.A.|2002-12-30|2017-04-13|CANCELADA|2017-04-13|19356|Securitização de Recebíveis
ITAPEBI GERAÇÃO DE ENERGIA S/A|2003-02-05||ATIVO|2003-02-05|19364|Energia Elétrica
BRPR 51 SECURITZADORA CRED IMOB SA|2003-03-24|2015-10-05|CANCELADA|2015-10-05|19372|Securitização de Recebíveis
BRPR 53 SECURITZADORA CRED IMOB SA|2003-05-08|2016-09-13|CANCELADA|2016-09-13|19380|Securitização de Recebíveis
GLOBAL BRASIL SA|2003-05-14|2012-07-09|CANCELADA|2012-07-09|19402|Emp. Adm. Part. - Sem Setor Principal
SOLAE DO BRASIL HOLDINGS SA|2003-07-15|2003-11-13|CANCELADA|2003-11-13|19410|Emp. Adm. Participações
CIA PROVINCIA DE SECURITIZAÇÃO|2003-08-21||ATIVO|2003-08-21|19429|Securitização de Recebíveis
ANDRADE GUTIERREZ CONCESSOES SA|2003-09-01|2018-12-31|CANCELADA|2018-12-31|19437|Emp. Adm. Part. - Sem Setor Principal
COMPANHIA DE SANEAMENTO DE MINAS GERAIS|2003-09-17||ATIVO|2003-09-17|19445|Saneamento, Serv. Água e Gás
ULBRA RECEBIVEIS S/A|2003-10-09|2011-07-15|CANCELADA|2011-07-15|19461|Securitização de Recebíveis
CSA-COMPANHIA SECURITIZADORA DE ATIVOS|2003-12-16|2022-06-01|CANCELADA|2022-06-01|19470|Securitização de Recebíveis
REDFACTOR FACTORING E FOMENTO COML S/A|2003-12-22|2011-05-16|CANCELADA|2011-05-16|19496|Factoring
BGPAR SA|2004-01-06|2011-10-26|CANCELADA|2011-10-26|19500|Emp. Adm. Part. - Sem Setor Principal
PIPA CIA SECURITIZADORA DE CRÉDITOS IMOBILIÁRIOS|2004-02-16|2017-01-17|CANCELADA|2017-01-17|19518|Securitização de Recebíveis
TESLA COMPANHIA SECURITIZADORA DE CRÉDITOS|2004-03-17|2017-03-07|CANCELADA|2017-03-07|19526|Securitização de Recebíveis
BRASILIANA ENERGIA SA|2004-04-15|2006-09-30|CANCELADA|2006-09-30|19534|Energia Elétrica
FIBRA CIA SECURITIZADORA CRED IMOB|2004-05-18|2015-10-14|CANCELADA|2015-10-14|19542|Securitização de Recebíveis
UNIVER CIDADE TRUST DE RECEBIVEIS SA|2004-09-02|2013-12-27|CANCELADA|2013-12-27|19585|Securitização de Recebíveis
SANESALTO SANEAMENTO SA|2004-09-21||ATIVO|2012-02-08|19593|Saneamento, Serv. Água e Gás
BAESA-ENERGETICA BARRA GRANDE SA|2004-09-29|2016-04-29|CANCELADA|2016-04-29|19607|Energia Elétrica
BRADESCO LEASING S.A. - ARRENDAMENTO MERCANTIL|2004-11-24||ATIVO|2004-11-24|19640|Arrendamento Mercantil
CR2 CIA SECURITIZADORA DE CREDITOS IMOBILIÁRIOS|2005-02-16|2009-07-29|CANCELADA|2009-07-29|19666|Securitização de Recebíveis
BRAVO SECURITIZADORA S/A|2005-03-21|2008-10-31|CANCELADA|2008-10-31|19674|Securitização de Recebíveis
BTG PACTUAL HOLDING PARTICIPAÇÕES S.A.|2005-04-14|2015-06-24|CANCELADA|2015-06-24|19690|Securitização de Recebíveis
BI CIA SECURITIZADORA DE CREDITOS IMOBILIARIOS|2005-04-18|2018-05-30|CANCELADA|2018-05-30|19704|Securitização de Recebíveis
GODOI SECURITIES - CIA SECURITIZADORA DE CREDITOS IMOBILIARIOS|2005-04-18|2008-03-28|CANCELADA|2008-03-28|19712|Securitização de Recebíveis
BRAZIL REALTY CIA SECURITIZADORA DE CREDITOS IMOLIARIOS|2005-05-02||ATIVO|2005-05-02|19720|Securitização de Recebíveis
BETA SECURITIZADORA S/A|2005-05-11|2019-10-30|CANCELADA|2019-10-30|19747|Securitização de Recebíveis
BANCO HSBC S.A.|2005-06-06|2015-09-14|CANCELADA|2015-09-14|19755|Arrendamento Mercantil
EDP ENERGIAS DO BRASIL S/A|2005-07-05||ATIVO|2005-07-05|19763|Energia Elétrica
MÁXIMA SECURITIZADORA DE CRÉDITOS IMOBILIÁRIOS S/A|2005-08-18|2010-09-30|CANCELADA|2010-09-30|19780|Securitização de Recebíveis
REC 844 SECURITIZADORA DE CRÉDITOS IMOBILIÁRIOS S.A.|2005-10-10|2016-02-03|CANCELADA|2016-02-03|19810|Securitização de Recebíveis
BANCO NOSSA CAIXA S/A|2005-10-14|2009-11-30|CANCELADA|2009-11-30|19828|Bancos
SAFRA LEASING SA ARRENDAMENTO  MERCANTIL|2005-10-27|2019-01-17|CANCELADA|2019-01-17|19844|Arrendamento Mercantil
TERMOPERNAMBUCO SA|2005-10-31||ATIVO|2005-10-31|19852|Energia Elétrica
RB CAPITAL SECURITIZADORA S.A.|2005-10-31|2019-12-31|CANCELADA|2019-12-31|19860|Securitização de Recebíveis
LIGHT SA|2005-12-12||ATIVO|2005-12-12|19879|Emp. Adm. Part. - Energia Elétrica
UNIVERSO ONLINE SA|2005-12-14|2012-01-18|CANCELADA|2012-01-18|19887|Telecomunicações
BRPR 45 SECURITZADORA CRED IMOB SA|2005-12-22|2017-11-14|CANCELADA|2017-11-14|19895|Securitização de Recebíveis
BR PROPERTIES S.A.|2006-01-04||ATIVO|2006-01-04|19925|Emp. Adm. Part. - Sem Setor Principal
ITAUSEG PARTICIPAÇÕES SA|2006-01-05|2012-11-28|CANCELADA|2012-11-28|19933|Emp. Adm. Part. - Seguradoras e Corretoras
BRPR 55 SECURITZADORA CRED IMOB SA|2006-01-26|2019-04-08|CANCELADA|2019-04-08|19941|Securitização de Recebíveis
VIVAX SA|2006-02-06|2007-10-18|CANCELADA|2007-10-18|19950|Telecomunicações
CIA DE AGUA E ESGOTO DA PARAIBA|2006-02-17|2011-06-24|CANCELADA|2011-06-24|19968|Saneamento, Serv. Água e Gás
BRPR 52 SECURITZADORA CRED IMOB SA|2006-02-17|2015-11-03|CANCELADA|2015-11-03|19976|Securitização de Recebíveis
BRPR 56 SECURITZADORA CRED IMOB SA|2006-02-22|2021-04-13|CANCELADA|2021-04-13|19984|Securitização de Recebíveis
XX DE NOVEMBRO INVESTIMENTOS E PARTICIPAÇÕES S.A|2006-03-22||ATIVO|2006-03-22|20001|Emp. Adm. Part. - Sem Setor Principal
EQUATORIAL ENERGIA S/A|2006-03-30||ATIVO|2006-03-30|20010|Energia Elétrica
CSU CARDSYSTEM S/A|2006-04-25||ATIVO|2006-04-25|20044|Emp. Adm. Part. - Sem Setor Principal
DINAMICA ENERGIA S/A|2006-05-03||ATIVO|2006-05-03|20052|Emp. Adm. Part. - Energia Elétrica
UNI CIDADE SPTRUST DE RECEBÍVEIS SA|2006-05-23|2014-05-16|CANCELADA|2014-05-16|20079|Securitização de Recebíveis
BV LEASING - ARRENDAMENTO MERCANTIL S/A|2006-06-23|2020-06-04|CANCELADA|2020-06-04|20133|Arrendamento Mercantil
AFLUENTE GERAÇÃO DE ENERGIA ELÉTRICA S.A.|2006-07-12|2017-11-24|CANCELADA|2017-11-24|20150|Energia Elétrica
AMPLA INVESTIMENTOS E SERVIÇOS S/A|2006-07-27|2012-05-23|CANCELADA|2012-05-23|20214|Emp. Adm. Part. - Energia Elétrica
PLANETA SECURITIZADORA S.A.|2006-07-28||ATIVO|2006-07-28|20222|Securitização de Recebíveis
ACRUX SECURITIZADORA S/A|2006-08-09|2016-02-04|CANCELADA|2016-02-04|20230|Securitização de Recebíveis
TRANSMISSORA ALIANÇA DE ENERGIA ELÉTRICA S.A.|2006-09-06||ATIVO|2006-09-06|20257|Emp. Adm. Part. - Energia Elétrica
CPFL JAGUARIÚNA S.A.|2006-09-21|2007-10-24|CANCELADA|2007-10-24|20281|Energia Elétrica
CEMIG DISTRIBUIÇÃO S/A|2006-09-25||ATIVO|2006-09-25|20303|Energia Elétrica
CEMIG GERAÇÃO E TRANSMISSÃO S/A|2006-10-10||ATIVO|2006-10-10|20320|Energia Elétrica
TC SECURITIES CIA DE SECURITIZAÇÃO|2006-12-15|2018-03-19|CANCELADA|2018-03-19|20389|Securitização de Recebíveis
SAFRA COMPANHIA SECURITIZADORA DE CREDITOS IMOBILIARIOS|2006-12-20|2011-10-27|CANCELADA|2011-10-27|20400|Securitização de Recebíveis
ISA CAPITAL DO BRASIL SA|2007-01-04|2010-05-28|CANCELADA|2010-05-28|20427|Emp. Adm. Part. - Energia Elétrica
TFA SECURITIZADORA S/A|2007-01-19|2013-03-14|CANCELADA|2013-03-14|20460|Securitização de Recebíveis
BANCO SANTANDER (BRASIL) S.A.|2007-03-02||ATIVO|2007-03-02|20532|Bancos
CPFL ENERGIAS RENOVÁVEIS S.A.|2007-03-08||ATIVO|2007-03-08|20540|Emp. Adm. Part. - Energia Elétrica
SANTANDER LEASING S.A. ARRENDAMENTO MERCANTIL|2007-03-19|2020-12-29|CANCELADA|2020-12-29|20559|Arrendamento Mercantil
BANCO PINE S/A|2007-03-27||ATIVO|2007-03-27|20567|Bancos
OPPORTUNITY SECURITIZADORA DE CREDITOS IMOBILIARIOS SA|2007-03-30|2009-05-04|CANCELADA|2009-05-04|20583|Securitização de Recebíveis
CIA ESTADUAL DE DISTRIBUIÇÃO DE ENERGIA ELETRICA|2007-04-17||ATIVO|2007-04-17|20648|Energia Elétrica
BRC SECURITIZADORA SA|2007-04-20|2020-06-29|CANCELADA|2020-06-29|20672|Securitização de Recebíveis
BANCO SOFISA SA|2007-04-26|2016-11-24|CANCELADA|2016-11-24|20680|Bancos
PARANA BANCO S.A.|2007-06-11||ATIVO|2007-06-11|20729|Bancos
MASSA FALIDA DO BANCO CRUZEIRO DO SUL S/A|2007-06-13|2021-08-09|CANCELADA|2021-08-09|20753|Bancos
BANCO DAYCOVAL S.A.|2007-06-27||ATIVO|2007-06-27|20796|Bancos
VIRGO COMPANHIA DE SECURITIZAÇÃO|2007-07-02||ATIVO|2007-07-02|20818|Securitização de Recebíveis
SAHY PARTICIPAÇÕES SA|2007-07-02|2007-11-16|CANCELADA|2007-11-16|20826|Emp. Adm. Part. - Sem Setor Principal
SETIBA PARTICIPAÇÕES S/A|2007-07-02|2014-01-08|CANCELADA|2014-01-08|20834|Emp. Adm. Part. - Sem Setor Principal
ALLIS PARTICIPAÇÕES S.A.|2007-07-02|2015-08-26|CANCELADA|2015-08-26|20850|Emp. Adm. Part. - Sem Setor Principal
BANCO BONSUCESSO S.A.|2007-07-09|2008-10-16|CANCELADA|2008-10-16|20869|Bancos
BANCO VOITER S.A.|2007-07-10|2021-02-10|CANCELADA|2021-02-10|20885|Bancos
REDECARD S/A|2007-07-11|2012-10-18|CANCELADA|2012-10-18|20893|Emp. Adm. Part. - Sem Setor Principal
BANCO ABC BRASIL S/A|2007-07-23||ATIVO|2007-07-23|20958|Bancos
ALGAR TELECOM S/A|2007-07-27||ATIVO|2007-07-27|21032|Telecomunicações
MATONE SECURITIZADORA S/A|2007-08-17|2012-06-19|CANCELADA|2012-06-19|21059|Securitização de Recebíveis
VISION SECURITIZADORA S.A.|2007-08-29||ATIVO|2007-08-29|21075|Securitização de Recebíveis
NOVA SECURITIZAÇÃO S/A|2007-09-11|2019-10-30|CANCELADA|2019-10-30|21105|Securitização de Recebíveis
CHINA CONSTRUCTION BANK(BRASIL) BANCO MÚLTIPLO S.A.|2007-09-17|2015-10-19|CANCELADA|2015-10-19|21113|Bancos
SUL AMERICA S/A|2007-10-03||ATIVO|2007-10-03|21121|Emp. Adm. Part. - Seguradoras e Corretoras
BOVESPA HOLDING SA|2007-10-23|2008-08-29|CANCELADA|2008-08-29|21164|Bolsas de Valores/Mercadorias e Futuros
BANCO PAN SA|2007-11-12||ATIVO|2007-11-12|21199|Bancos
BOLSA DE MERCADORIAS & FUTUROS - BM&F S/A|2007-11-28|2008-05-08|CANCELADA|2008-05-08|21210|Bolsas de Valores/Mercadorias e Futuros
LAHOTELS S.A.|2007-11-29|2009-02-18|CANCELADA|2009-02-18|21229|Emp. Adm. Part. - Sem Setor Principal
ENEVA S.A.|2007-12-07||ATIVO|2007-12-07|21237|Energia Elétrica
MONTICIANO PARTICIPAÇÕES S/A|2007-12-24|2014-02-26|CANCELADA|2014-02-26|21261|Emp. Adm. Part. - Sem Setor Principal
CITIBANK LEASING S.A. - ARREND.MERCANTIL|2008-01-03|2010-03-30|CANCELADA|2010-03-30|21270|Arrendamento Mercantil
CAPRI PARTICIPAÇÕES SA|2008-01-15|2009-03-30|CANCELADA|2009-03-30|21296|Emp. Adm. Part. - Sem Setor Principal
OSX BRASIL S.A.|2008-02-26||ATIVO|2008-02-26|21342|Emp. Adm. Part. - Sem Setor Principal
BANCO INDUSTRIAL DO BRASIL|2008-03-07|2018-11-14|CANCELADA|2018-11-14|21377|Bancos
COMPANHIA CELG DE PARTICIPAÇÕES - CELGPAR|2008-03-14||ATIVO|2008-03-14|21393|Emp. Adm. Part. - Energia Elétrica
BRZ INVESTIMENTOS S/A|2008-03-27|2011-07-20|CANCELADA|2011-07-20|21415|Emp. Adm. Part.-Bolsas de Valores/Mercadorias e Futuros
BANCO RCI BRASIL S.A.|2008-04-29||ATIVO|2008-04-29|21466|Bancos
ALUPAR INVESTIMENTO S/A|2008-06-18||ATIVO|2008-06-18|21490|Emp. Adm. Part. - Energia Elétrica
ÁQUILLA SECURITIZADORA SA|2008-06-24|2021-03-16|CANCELADA|2021-03-16|21512|Securitização de Recebíveis
MULTINER S/A|2008-07-10||ATIVO|2019-02-07|21520|Energia Elétrica
REP REAL ESTATE PARTNERS DESENV IMOB SA|2008-07-11|2012-08-13|CANCELADA|2012-08-13|21539|Emp. Adm. Part. - Arrendamento Mercantil
BERNA PARTICIPAÇÕES SA|2008-07-31|2014-08-11|CANCELADA|2014-08-11|21563|Emp. Adm. Part. - Sem Setor Principal
BALADARE PARTICIPAÇÕES S/A|2008-07-31|2010-05-27|CANCELADA|2010-05-27|21571|Emp. Adm. Part. - Sem Setor Principal
COPACABANA PRINCE PARTICIPAÇÕES S.A.|2008-08-07|2011-12-31|CANCELADA|2011-12-31|21598|Emp. Adm. Part. - Sem Setor Principal
BASEL PARTICIPAÇÕES S/A|2008-08-07|2017-09-22|CANCELADA|2017-09-22|21601|Emp. Adm. Part. - Sem Setor Principal
B3 S.A. - BRASIL, BOLSA, BALCÃO|2008-08-11||ATIVO|2008-08-11|21610|Bolsas de Valores/Mercadorias e Futuros
HABITASEC SECURITIZADORA SA|2008-08-19||ATIVO|2008-08-19|21628|Securitização de Recebíveis
RENOVA ENERGIA S.A. -  EM RECUPERAÇÃO JUDICIAL|2008-08-20||ATIVO|2008-08-20|21636|Energia Elétrica
PDG COMPANHIA SECURITIZADORA|2008-10-03||ATIVO|2008-10-03|21644|Securitização de Recebíveis
NPF SECURITIZADORA S.A.|2008-12-22|2015-11-11|CANCELADA|2015-11-11|21695|Securitização de Recebíveis
TARPON INVESTIMENTOS S/A|2009-05-21|2019-07-17|CANCELADA|2019-07-17|21717|Emp. Adm. Part. - Intermediação Financeira
CIELO S.A.|2009-06-25||ATIVO|2009-06-25|21733|Intermediação Financeira
ECO. SEC. DTOS. CREDIT. AGRONEGÓCIOS S/A|2009-07-15|2022-06-01|CANCELADA|2022-06-01|21741|Securitização de Recebíveis
INFRASEC SECURITIZADORA S/A|2009-09-22||ATIVO|2009-09-22|21750|Securitização de Recebíveis
CETIP S.A. - MERCADOS ORGANIZADOS|2009-10-26|2017-07-03|CANCELADA|2017-07-03|21792|Intermediação Financeira
FRAME SECURITIZADORA S/A|2009-12-14|2011-02-07|CANCELADA|2011-02-07|21873|Securitização de Recebíveis
BARI SECURITIZADORA S.A.|2009-12-29|2022-06-01|CANCELADA|2022-06-01|21920|Securitização de Recebíveis
ENERGISA PARAÍBA - DISTRIBUIDORA DE ENERGIA S/A|2010-01-29||ATIVO|2010-01-29|21938|Energia Elétrica
3A COMPANHIA SECURITIZADORA|2010-03-08|2015-12-18|CANCELADA|2015-12-18|21954|Securitização de Recebíveis
BOLERO PARTICIPAÇÕES SA|2010-05-27|2015-06-18|CANCELADA|2015-06-18|22039|Emp. Adm. Part. - Sem Setor Principal
COMPANHIA PAULISTA DE SECURITIZAÇÃO|2010-07-20||ATIVO|2010-07-20|22080|Securitização de Recebíveis
OMEGA GERAÇÃO S.A.|2010-07-29|2013-09-20|CANCELADA|2013-09-20|22110|Emp. Adm. Part. - Energia Elétrica
REDENTOR ENERGIA S/A|2010-08-06|2016-01-19|CANCELADA|2016-01-19|22128|Emp. Adm. Part. - Energia Elétrica
POLO CAPITAL SECURITIZADORA S/A|2010-09-22||ATIVO|2010-09-22|22160|Securitização de Recebíveis
AFLUENTE TRANSMISSÃO DE ENERGIA ELETRICA S/A|2010-09-24||ATIVO|2010-09-24|22179|Energia Elétrica
ROPASC PARTICIPAÇÕES S/A|2010-10-22|2013-12-31|CANCELADA|2013-12-31|22195|Emp. Adm. Part. - Sem Setor Principal
PASCRO PARTICIPAÇÕES S/A|2010-10-22|2014-07-16|CANCELADA|2014-07-16|22209|Emp. Adm. Part. - Sem Setor Principal
ALPER CONSULTORIA E CORRETORA DE SEGUROS S.A.|2010-10-28||ATIVO|2010-10-28|22217|Emp. Adm. Part. - Seguradoras e Corretoras
BRASIL PLURAL SECURITIZADORA S.A.|2010-11-09|2018-04-30|CANCELADA|2018-04-30|22233|Securitização de Recebíveis
OURINVEST SECURITIZADORA S.A.|2010-11-10|2022-06-01|CANCELADA|2022-06-01|22250|Securitização de Recebíveis
TRUE SECURITIZADORA S.A.|2010-11-25||ATIVO|2010-11-25|22276|Securitização de Recebíveis
PROVIDAX PARTICIPAÇÕES S/A|2010-12-23|2014-07-30|CANCELADA|2014-07-30|22314|Emp. Adm. Part. - Sem Setor Principal
VOSTOK PARTICIPAÇÕES SA|2010-12-23|2013-12-31|CANCELADA|2013-12-31|22322|Emp. Adm. Part. - Sem Setor Principal
RJ CAPITAL PARTNERS S.A.|2011-01-13|2018-05-30|CANCELADA|2018-05-30|22330|Emp. Adm. Part. - Sem Setor Principal
OCTANTE SECURITIZADORA SA|2011-02-14|2022-06-01|CANCELADA|2022-06-01|22390|Securitização de Recebíveis
IGUA SANEAMENTO S.A.|2011-02-21|2011-03-23|CANCELADA|2011-03-23|22403|Saneamento, Serv. Água e Gás
TRX SECURITIZADORA S.A.|2011-03-02||ATIVO|2011-03-02|22420|Securitização de Recebíveis
MENFIS PARTICIPAÇÕES S/A|2011-04-13|2013-12-31|CANCELADA|2013-12-31|22462|Emp. Adm. Part. - Sem Setor Principal
FORTE SECURITIZADORA S.A.|2011-06-15||ATIVO|2011-06-15|22489|Securitização de Recebíveis
QUALICORP CONSULTORIA E CORRETORA DE SEGUROS S.A.|2011-06-17||ATIVO|2011-06-17|22497|Seguradoras e Corretoras
HARPIA ÔMEGA PARTICIPAÇÕES S.A.|2011-08-18|2016-06-07|CANCELADA|2016-06-07|22578|Emp. Adm. Part. - Sem Setor Principal
MLOG S.A.|2011-09-12||ATIVO|2011-09-12|22586|Emp. Adm. Part. - Sem Setor Principal
STATKRAFT ENERGIAS RENOVÁVEIS S.A.|2011-09-19||ATIVO|2011-09-19|22594|Energia Elétrica
BANCO BTG PACTUAL S/A|2011-11-10||ATIVO|2011-11-10|22616|Bancos
ISOLUX INFRASTRUCTURE SA|2011-12-09|2012-03-29|CANCELADA|2012-03-29|22624|Energia Elétrica
BELEZA PARTICIPAÇÕES SA|2011-12-12|2018-09-25|CANCELADA|2018-09-25|22632|Emp. Adm. Part. - Sem Setor Principal
NISA PARTICIPAÇÕES SA|2011-12-12|2014-12-19|CANCELADA|2014-12-19|22640|Emp. Adm. Part. - Sem Setor Principal
NOAH PARTICIPAÇÕES SA|2011-12-12|2019-09-05|CANCELADA|2019-09-05|22659|Emp. Adm. Part. - Sem Setor Principal
NAOMI PARTICIPAÇÕES SA|2011-12-12|2019-03-22|CANCELADA|2019-03-22|22667|Emp. Adm. Part. - Sem Setor Principal
CACHOEIRA PAULISTA TRANSMISSORA DE ENERGIA SA|2011-12-19||ATIVO|2011-12-19|22683|Energia Elétrica
EGEU PARTICIPAÇÕES SA|2012-02-07|2013-12-31|CANCELADA|2013-12-31|22713|Emp. Adm. Part. - Sem Setor Principal
PATMOS PARTICIPAÇÕES S/A|2012-02-13|2013-12-31|CANCELADA|2013-12-31|22748|Emp. Adm. Part. - Sem Setor Principal
GAIA IMPACTO SECURITIZADORA S.A.|2012-03-28||ATIVO|2012-03-28|22764|Securitização de Recebíveis
REIT SECURITIZADORA DE RECEBIVEIS IMOBILIÁRIOS S/A|2012-05-10|2022-06-01|CANCELADA|2022-06-01|22802|Securitização de Recebíveis
FRIGOL FOODS PARTICIPAÇÕES S.A.|2012-07-17|2020-03-13|CANCELADA|2020-03-13|22853|Emp. Adm. Part. - Sem Setor Principal
MBK SECURITIZADORA S/A|2012-07-23||ATIVO|2012-07-23|22861|Securitização de Recebíveis
EKOPARKING SA|2012-08-10|2016-01-07|CANCELADA|2016-01-07|22896|Emp. Adm. Part. - Sem Setor Principal
PLAY BEVERAGE SOUTH AMERICA SA|2012-08-10|2014-05-15|CANCELADA|2014-05-15|22900|Emp. Adm. Part. - Sem Setor Principal
ATIVOS BRASILEIROS S.A.|2012-08-10|2016-01-07|CANCELADA|2016-01-07|22918|Emp. Adm. Part. - Sem Setor Principal
MGI - MINAS GERAIS PARTICIPAÇÕES S.A.|2012-09-04|2022-03-17|CANCELADA|2022-03-17|22942|Emp. Adm. Part. - Sem Setor Principal
AR CAPITAL SECURITIES COMPANHIA SECURITIZADORA S.A.|2012-09-05|2018-12-04|CANCELADA|2018-12-04|22950|Securitização de Recebíveis
RIO MONSARÁS PARTICIPAÇÕES S/A|2012-09-06|2014-07-23|CANCELADA|2014-07-23|22969|Energia Elétrica
FERREIRA GOMES ENERGIA S.A.|2012-10-11||ATIVO|2012-10-11|22977|Energia Elétrica
COMPANHIA DE CRÉDITO FINANCIAMENTO E INVESTIMENTO RCI BRASIL|2012-11-27|2016-01-29|CANCELADA|2016-01-29|22993|Bancos
LIGHT ENERGIA S.A.|2013-01-11||ATIVO|2013-01-11|23000|Energia Elétrica
FONTAINE VILLE PARTICIPAÇÕES S/A|2013-01-16||ATIVO|2013-01-16|23019|Securitização de Recebíveis
LOUCOS POR FUTEBOL S.A.|2013-01-16|2016-01-07|CANCELADA|2016-01-07|23027|Emp. Adm. Part. - Sem Setor Principal
TECNO WASTE S.A.|2013-02-25|2016-01-07|CANCELADA|2016-01-07|23051|Emp. Adm. Part. - Sem Setor Principal
EOX ENERGIA EÓLICA S.A.|2013-02-25|2016-01-07|CANCELADA|2016-01-07|23078|Emp. Adm. Part. - Energia Elétrica
UTILIUM PARTICIPAÇÕES S.A.|2013-03-06|2017-11-28|CANCELADA|2017-11-28|23094|Emp. Adm. Part. - Sem Setor Principal
BPMB I PARTICIPAÇÕES S.A.|2013-03-22|2015-09-15|CANCELADA|2015-09-15|23108|Emp. Adm. Part. - Sem Setor Principal
FINPAR PARTICIPAÇÕES S.A.|2013-03-26|2015-12-28|CANCELADA|2015-12-28|23116|Emp. Adm. Part. - Intermediação Financeira
BSI CAPITAL SECURITIZADORA S.A.|2013-04-17||ATIVO|2013-04-17|23132|Securitização de Recebíveis
BB SEGURIDADE PARTICIPAÇÕES S.A.|2013-04-25||ATIVO|2013-04-25|23159|Emp. Adm. Part. - Seguradoras e Corretoras
IGUA SANEAMENTO S.A.|2013-05-13||ATIVO|2013-05-13|23175|Saneamento, Serv. Água e Gás
ITAQUI GERAÇÃO DE ENERGIA S.A.|2013-09-26|2015-07-31|CANCELADA|2015-07-31|23213|Energia Elétrica
CONSULT SECURITIZADORA S/A|2013-10-25|2015-02-27|CANCELADA|2015-02-27|23256|Securitização de Recebíveis
TERMELÉTRICA PERNAMBUCO III S.A.|2013-12-10||ATIVO|2015-07-17|23329|Energia Elétrica
SCCI - SECURITIZADORA DE CRÉDITOS IMOBILIÁRIOS S.A.|2014-01-16|2017-09-01|CANCELADA|2017-09-01|23337|Securitização de Recebíveis
SUL INVEST SECURITIZADORA S.A.|2014-02-26|2016-08-10|CANCELADA|2016-08-10|23345|Securitização de Recebíveis
CAPITALE SECURITIZADORA DE CREDITO S.A.|2014-03-07||ATIVO|2014-03-07|23353|Securitização de Recebíveis
SPE AKRO SECURITIZADORA S.A.|2014-03-26|2015-07-07|CANCELADA|2015-07-07|23361|Securitização de Recebíveis
SANTO ANTONIO ENERGIA S.A.|2014-04-28||ATIVO|2014-04-28|23388|Energia Elétrica
AEGEA SANEAMENTO E PARTICIPAÇÕES S.A.|2014-05-21||ATIVO|2014-05-21|23396|Saneamento, Serv. Água e Gás
SCCA - SECURITIZADORA DE CRÉDITOS DO AGRONEGÓCIO S.A.|2014-05-27|2015-05-26|CANCELADA|2015-05-26|23400|Securitização de Recebíveis
GÁVEA SECURITIZADORA S.A.|2014-06-20|2018-07-18|CANCELADA|2018-07-18|23418|Securitização de Recebíveis
OMEGA GERAÇÃO S.A.|2014-07-07||ATIVO|2014-07-07|23426|Emp. Adm. Part. - Energia Elétrica
AGUAS GUARIROBA S.A.|2014-08-06||ATIVO|2014-08-06|23442|Saneamento, Serv. Água e Gás
PROLAGOS S.A. - CONCESSIONÁRIA DE SERVIÇOS PÚBLICOS DE ÁGUA E ESGOTO|2014-08-11||ATIVO|2014-08-11|23469|Saneamento, Serv. Água e Gás
LOGOS COMPANHIA SECURITIZADORA S/A|2014-09-04||ATIVO|2014-09-04|23477|Securitização de Recebíveis
LEADS CIA. SECURITIZADORA|2015-02-03||ATIVO|2015-02-03|23558|Securitização de Recebíveis
FORTUNATO SECURITIZADORA S.A.|2015-03-06||ATIVO|2015-03-06|23566|Securitização de Recebíveis
WIZ SOLUÇÕES E CORRETAGEM DE SEGUROS S.A.|2015-05-11||ATIVO|2015-05-11|23590|Seguradoras e Corretoras
FINSBURY PARTICIPAÇÕES S.A.|2015-07-10|2019-08-16|CANCELADA|2019-08-16|23639|Emp. Adm. Part. - Sem Setor Principal
FRIESTON PARTICIPAÇÕES S.A.|2015-07-23|2016-07-29|CANCELADA|2016-07-29|23647|Emp. Adm. Part. - Sem Setor Principal
FOURSTONES PARTICIPAÇÕES S.A.|2015-07-23|2016-07-29|CANCELADA|2016-07-29|23655|Emp. Adm. Part. - Sem Setor Principal
FOXFIELD PARTICIPAÇÕES S.A.|2015-07-23|2016-07-29|CANCELADA|2016-07-29|23663|Emp. Adm. Part. - Sem Setor Principal
LINHAS DE XINGU TRANSMISSORA DE ENERGIA S.A.|2015-08-12||ATIVO|2015-08-12|23671|Energia Elétrica
LINHAS DE MACAPÁ TRANSMISSORA DE ENERGIA S.A.|2015-08-12||ATIVO|2015-08-12|23680|Energia Elétrica
SENECA COMPANHIA SECURITIZADORA|2015-08-17||ATIVO|2015-08-17|23698|Securitização de Recebíveis
ENCALSO PARTICIPAÇÕES EM CONCESSÕES S.A.|2015-09-08|2022-06-01|CANCELADA|2022-06-01|23701|Emp. Adm. Part. - Sem Setor Principal
RENOVA COMP. SECURITIZ. DE CRÉDITOS FINANC. S.A.|2015-10-22|2021-02-01|CANCELADA|2021-02-01|23744|Securitização de Recebíveis
SEC TWO COMPANHIA SECURITIZADORA DE CRÉDITOS|2015-11-11|2017-06-14|CANCELADA|2017-06-14|23752|Securitização de Recebíveis
BLUM COMPANHIA DE SECURITIZAÃ+O DE CR+DITOS S.A|2015-11-11||ATIVO|2015-11-11|23760|Securitização de Recebíveis
RR CASA DE INVESTIMENTOS E PARTICIPAÇÕES S.A.|2015-12-08|2016-06-22|CANCELADA|2016-06-22|23787|Emp. Adm. Part. - Energia Elétrica
CAIXA SEGURIDADE PARTICIPAÇÕES S.A.|2015-12-17||ATIVO|2015-12-17|23795|Emp. Adm. Part. - Seguradoras e Corretoras
COMPANHIA DE SANEAMENTO DO TOCANTINS - SANEATINS|2015-12-21||ATIVO|2015-12-21|23809|Saneamento, Serv. Água e Gás
BTGI SAFIRA PARTICIPAÇÕES S.A.|2016-02-19||ATIVO|2016-02-19|23841|Emp. Adm. Part. - Sem Setor Principal
BTGI QUARTZO PARTICIPAÇÕES S.A.|2016-02-19||ATIVO|2016-02-19|23850|Emp. Adm. Part. - Sem Setor Principal
GPR - PINHEIRO & RINALDO CAPITAL S.A.|2016-02-24|2019-02-13|CANCELADA|2019-02-13|23876|Securitização de Recebíveis
NASA SECURITIZADORA S.A.|2016-03-21||ATIVO|2021-11-03|23906|Securitização de Recebíveis
COMPANHIA PARANAENSE DE SECURITIZAÇÃO - PRSEC|2016-04-29|2018-08-13|CANCELADA|2018-08-13|23914|Securitização de Recebíveis
BRASILIANA PARTICIPAÇÕES S.A.|2016-06-23||ATIVO|2016-06-23|23930|Emp. Adm. Part. - Energia Elétrica
COMPANHIA CARIOCA DE SECURITIZAÇÃO|2016-06-27|2020-11-10|CANCELADA|2020-11-10|23949|Securitização de Recebíveis
AVAL SECURITIZADORA DE CREDITOS S.A.|2016-08-08|2017-11-30|CANCELADA|2017-11-30|23973|Securitização de Recebíveis
VERT COMPANHIA SECURITIZADORA|2016-08-25||ATIVO|2016-08-25|23990|Securitização de Recebíveis
ZH OPERAÇÕES S/A|2016-09-16|2017-08-07|CANCELADA|2017-08-07|24007|Emp. Adm. Part. - Sem Setor Principal
NCF PARTICIPAÇÕES S.A.|2016-10-03||ATIVO|2016-10-03|24015|Emp. Adm. Part. - Sem Setor Principal
TRÍPLICE SECURITIZADORA DE ATIVOS MERCANTIS S.A.|2016-10-04|2017-11-30|CANCELADA|2017-11-30|24023|Securitização de Recebíveis
TRIUNFO SECURITIZADORA DE ATIVOS S.A.|2016-10-04|2017-12-21|CANCELADA|2017-12-21|24031|Securitização de Recebíveis
GAIA CRED SECURITIZADORA DE CRÉDITOS FINANCEIROS S.A.|2016-10-07|2021-07-19|CANCELADA|2021-07-19|24040|Securitização de Recebíveis
PERDIZES - SECURITIZADORA DE RECEBÍVEIS COMERCIAIS S.A.|2017-01-31|2018-10-08|CANCELADA|2018-10-08|24074|Securitização de Recebíveis
TRAVESSIA SECURITIZADORA S.A.|2017-02-09||ATIVO|2017-02-09|24082|Securitização de Recebíveis
ARGO ENERGIA EMPREENDIMENTOS E PARTICIPAÇÕES S.A.|2017-04-24||ATIVO|2017-04-24|24120|Emp. Adm. Part. - Energia Elétrica
COMPANHIA SEC. DE CRÉDITOS FIN. CARTÕES CONSIGNADOS BMG|2017-06-14||ATIVO|2017-06-14|24147|Securitização de Recebíveis
COMPANHIA ENERGÉTICA SINOP S.A.|2017-06-22||ATIVO|2017-06-22|24155|Energia Elétrica
PACIFIC RDSL PARTICIPAÇÕES S.A.|2017-07-07|2019-06-19|CANCELADA|2019-06-19|24163|Emp. Adm. Part. - Sem Setor Principal
IRB - BRASIL RESSEGUROS S.A.|2017-07-27||ATIVO|2017-07-27|24180|Seguradoras e Corretoras
ARGO TRANSMISSÃO DE ENERGIA S.A.|2017-09-22||ATIVO|2017-09-22|24210|Energia Elétrica
BRASIL SECURITIZADORA S.A.|2017-12-12|2021-07-09|CANCELADA|2021-07-09|24287|Securitização de Recebíveis
EDAFO SECURITIZADORA S.A.|2018-01-17|2018-06-26|CANCELADA|2018-06-26|24325|Securitização de Recebíveis
TOKE INVEST SECURITIZADORA  S.A.|2018-01-19||ATIVO|2018-01-19|24333|Securitização de Recebíveis
RIOLOAN 2 COMPANHIA SECURITIZADORA DE CRÉDITOS FINANCEIROS|2018-04-06||ATIVO|2018-04-06|24368|Securitização de Recebíveis
BANCO INTER S.A.|2018-04-26||ATIVO|2018-04-26|24406|Bancos
COMPANHIA ENERGÉTICA JAGUARA|2018-04-27||ATIVO|2018-04-27|24422|Energia Elétrica
COMPANHIA ENERGÉTICA MIRANDA|2018-04-27||ATIVO|2018-04-27|24430|Energia Elétrica
EQUATORIAL TRANSMISSORA 7 SPE S.A.|2018-06-14||ATIVO|2018-06-14|24457|Emp. Adm. Part. - Energia Elétrica
BANCO AGIBANK S.A.|2018-06-21|2019-01-18|CANCELADA|2019-01-18|24465|Intermediação Financeira
EQUATORIAL TRANSMISSORA 8 SPE S.A.|2018-06-28||ATIVO|2018-06-28|24481|Energia Elétrica
AMALFI EMPREENDIMENTOS E PARTICIPAÇÕES S.A.|2018-08-14|2018-11-05|CANCELADA|2018-11-05|24503|Emp. Adm. Part. - Energia Elétrica
COMPANHIA SECURITIZADORA DE CRÉDITOS FINANCEIROS VERT-REBEL|2018-08-28||ATIVO|2018-08-28|24511|Securitização de Recebíveis
COMPANHIA SECURITIZADORA DE CRÉD. FINANCEIROS VERT-NEXOOS|2018-08-28||ATIVO|2018-08-28|24520|Securitização de Recebíveis
RUGE SECURITIZADORA DE CRÉDITOS FINANCEIROS S.A.|2018-09-17||ATIVO|2018-09-17|24538|Securitização de Recebíveis
BANRISUL CARTÕES S.A.|2018-09-27||ATIVO|2018-09-27|24554|Bancos
GUARDIAN COMPANHIA SECURITIZADORA|2018-10-10||ATIVO|2018-10-10|24562|Securitização de Recebíveis
COPISEC SECURITIZADORA DE CRÉDITOS FINANCEIROS SA|2018-10-26|2020-09-04|CANCELADA|2020-09-04|24570|Securitização de Recebíveis
ENERGISA TRANSMISSÃO DE ENERGIA S.A.|2018-10-29||ATIVO|2018-10-29|24589|Emp. Adm. Part. - Energia Elétrica
CELEO REDES TRANSMISSÃO DE ENERGIA S.A.|2018-12-12||ATIVO|2018-12-12|24597|Emp. Adm. Part. - Energia Elétrica
BANCO BMG S/A|2018-12-17||ATIVO|2018-12-17|24600|Bancos
ESTTEIO COMPANHIA SECURITIZADORA DE CRÉDITOS|2018-12-19|2019-09-05|CANCELADA|2019-09-05|24619|Securitização de Recebíveis
RHC SECURITIZADORA DE CRÉDITOS S.A.|2019-01-29|2020-06-30|CANCELADA|2020-06-30|24635|Securitização de Recebíveis
CASA DE PEDRA SECURITIZADORA DE CRÉDITO S.A.|2019-02-13|2022-06-01|CANCELADA|2022-06-01|24643|Securitização de Recebíveis
CONTAGEM SECURITIZADORA DE CRÉDITOS FINANCEIROS S.A.|2019-02-27|2020-09-04|CANCELADA|2020-09-04|24651|Securitização de Recebíveis
ROMAXIS SECURITIZADORA S.A.|2019-03-22||ATIVO|2019-03-22|24686|Securitização de Recebíveis
COBUCCIO SECURITIZADORA DE CRÉDITOS S.A.|2019-05-23||ATIVO|2019-05-23|24724|Securitização de Recebíveis
FILADÉLFIA SECURITIZADORA S/A.|2019-06-03||ATIVO|2019-06-03|24732|Securitização de Recebíveis
COPEL GERAÇÃO E TRANSMISSÃO S/A|2019-06-27||ATIVO|2019-06-27|24740|Energia Elétrica
VENTOS DO SUL ENERGIA S.A.|2019-09-12||ATIVO|2019-09-12|24767|Energia Elétrica
PJBANK SECURITIZADORA S.A.|2019-10-04||ATIVO|2019-10-04|24791|Securitização de Recebíveis
BRK AMBIENTAL PARTICIPAÇÕES S.A.|2019-10-22||ATIVO|2019-10-22|24830|Emp. Adm. Part. - Saneamento, Serv. Água e Gás
ENERGISA SUL-SUDESTE - DISTRIBUIDORA DE ENERGIA S.A.|2019-11-05||ATIVO|2019-11-05|24864|Energia Elétrica
CONSIGNADOS I COMPANHIA SECURITIZADORA DE CRÉDITOS FINANCEIROS|2020-01-21||ATIVO|2020-01-21|24899|Securitização de Recebíveis
TIM S.A.|2020-03-17||ATIVO|2020-03-17|24929|Telecomunicações
USINA TERMELÉTRICA PAMPA SUL S.A.|2020-05-04||ATIVO|2020-05-04|24945|Energia Elétrica
AMBIPAR PARTICIPAÇÕES E EMPREENDIMENTOS S.A.|2020-05-15||ATIVO|2020-05-15|24961|Saneamento, Serv. Água e Gás
BASE SECURITIZADORA DE CRÉDITOS IMOBILIÁRIOS S.A.|2020-05-21||ATIVO|2020-05-21|24970|Securitização de Recebíveis
NORTE BRASIL TRANSMISSORA DE ENERGIA S.A.|2020-07-03||ATIVO|2020-07-03|24988|Energia Elétrica
COMPANHIA SECURITIZADORA DE CREDITOS FINANCEIROS VERT-GYRA|2020-07-30||ATIVO|2020-07-30|25020|Securitização de Recebíveis
TRUE COMPANHIA SECURITIZADORA DE CRÉDITOS FINANCEIROS II|2020-08-12||ATIVO|2020-08-12|25054|Securitização de Recebíveis
NORTE ENERGIA S.A|2020-09-14||ATIVO|2020-09-14|25097|Energia Elétrica
COMPASS GÁS E ENERGIA S.A.|2020-09-28||ATIVO|2020-09-28|25127|Emp. Adm. Part. - Saneamento, Serv. Água e Gás
MISSISSIPI SECURITIZADORA S/A|2020-10-01||ATIVO|2020-10-01|25151|Securitização de Recebíveis
COMPANHIA DE GÁS DE MINAS GERAIS - GASMIG|2020-10-06||ATIVO|2020-10-06|25178|Saneamento, Serv. Água e Gás
CIA. SECURITIZADORA DE CRÉDITOS FINANCEIROS VERT-RECARGAPAY|2020-10-26||ATIVO|2020-10-26|25216|Securitização de Recebíveis
TRAVESSIA SECURITIZADORA II S.A|2020-11-04||ATIVO|2020-11-04|25240|Securitização de Recebíveis
COMPANHIA SECURITIZADORA DE CRÉDITOS FINANCEIROS VERT-PROVI|2020-11-05||ATIVO|2020-11-05|25267|Securitização de Recebíveis
HLASA PARTICIPAÇÕES S.A.|2020-12-10|2022-01-10|CANCELADA|2022-01-10|25364|Emp. Adm. Part. - Sem Setor Principal
FOCUS ENERGIA HOLDING PARTICIPAÇÕES S.A.|2021-02-04|2022-02-04|CANCELADA|2022-02-04|25488|Emp. Adm. Part. - Energia Elétrica
ORIZON VALORIZAÇÃO DE RESÍDUOS S.A.|2021-02-11||ATIVO|2021-02-11|25550|Saneamento, Serv. Água e Gás
CELG DISTRIBUIÇÃO S.A. - CELG D|2021-02-12||ATIVO|2021-02-12|25577|Energia Elétrica
COMPANHIA SECURITIZADORA DE CRÉDITOS FINANCEIROS - VERT 5|2021-02-18||ATIVO|2021-02-18|25593|Securitização de Recebíveis
ÁGUAS DE TERESINA SANEAMENTO SPE S.A.|2021-02-25||ATIVO|2021-02-25|25615|Saneamento, Serv. Água e Gás
RIO PARANA ENERGIA S.A.|2021-03-02||ATIVO|2021-03-02|25623|Energia Elétrica
AES Brasil Energia S/A|2021-03-18||ATIVO|2021-03-18|25640|Energia Elétrica
HMOBI PARTICIPAÇÕES S.A|2021-04-07||ATIVO|2021-04-07|25674|Emp. Adm. Part. - Sem Setor Principal
GPS PARTICIPAÇÕES E EMPREENDIMENTOS S/A|2021-04-20||ATIVO|2021-04-20|25712|Emp. Adm. Part. - Sem Setor Principal
RIO ALTO ENERGIAS RENOVÁVEIS S.A.|2021-04-26||ATIVO|2021-04-26|25720|Energia Elétrica
BANCO MODAL S.A.|2021-04-28||ATIVO|2021-04-28|25755|Bancos
BR ADVISORY PARTNERS PARTICIPAÇÕES S.A.|2021-05-13||ATIVO|2021-05-13|25860|Emp. Adm. Part. - Bancos
HUMAITA SECURITIZADORA S/A|2021-07-05||ATIVO|2021-07-05|25968|Securitização de Recebíveis
CIA. SEC. DE CRÉDITOS FINANCEIROS VERT-PROVI II|2021-07-19||ATIVO|2021-07-19|26018|Securitização de Recebíveis
DESKTOP S.A|2021-07-19||ATIVO|2021-07-19|26026|Telecomunicações
PLAYBANCO SECURITIZADORA S.A|2021-07-21|2022-06-01|CANCELADA|2022-06-01|26042|Securitização de Recebíveis
CIA SECURITIZADORA DE CRED. FIN. CARTÕES CONSIGNADOS II|2021-07-29||ATIVO|2021-07-29|26107|Securitização de Recebíveis
GETNET ADQUIRÊNCIA E SERVIÇOS PARA MEIOS DE PAGAMENTO S.A.|2021-08-10||ATIVO|2021-08-10|26140|Intermediação Financeira
CONTOUR GLOBAL DO BRASIL PARTICIPAÇÕES S.A.|2021-08-12||ATIVO|2021-08-12|26158|Energia Elétrica
AES BRASIL OPERAÇÕES S.A.|2021-08-17||ATIVO|2021-08-17|26174|Emp. Adm. Part. - Energia Elétrica
CANAL COMPANHIA DE SECURITIZAÃ+O|2021-09-28|2022-06-01|CANCELADA|2022-06-01|26212|Securitização de Recebíveis
CERES SECURITIZADORA S.A.|2021-09-29|2022-06-01|CANCELADA|2022-06-01|26220|Securitização de Recebíveis
TRAVESSIA SECURITIZADORA DE CRÉDITOS FINANCEIROS XXII S.A.|2021-09-29||ATIVO|2021-09-29|26239|Securitização de Recebíveis
COMPANHIA SECURITIZADORA DE CRÉDITOS FINANCEIROS VERT-VIRTUS|2021-10-01||ATIVO|2021-10-01|26263|Securitização de Recebíveis
ENVIRONMENTAL ESG PARTICIPAÇÕES S.A.|2021-10-05||ATIVO|2021-10-05|26271|Saneamento, Serv. Água e Gás
COMERC PARTICIPAÇÕES S.A.|2021-10-08||ATIVO|2021-10-08|26280|Energia Elétrica
Rio Energy Participações S.A.|2021-10-29||ATIVO|2021-10-29|26298|Emp. Adm. Part. - Energia Elétrica
CIA. SECURITIZADORA DE CRED. FIN. VERT-UME|2021-11-11||ATIVO|2021-11-11|26310|Securitização de Recebíveis
CIA. SECURITIZADORA DE CRED. FIN. VERT-CAPITAL CONSIG|2021-11-12||ATIVO|2021-11-12|26344|Securitização de Recebíveis
VERO S.A.|2021-11-26||ATIVO|2021-11-26|26409|Telecomunicações
OLIVEIRA TRUST S.A.|2021-11-29||ATIVO|2021-11-29|26417|Intermediação Financeira
ALVAREZ & MARSAL INVESTIMENTOS I S.A.|2021-11-30||ATIVO|2021-11-30|26433|Emp. Adm. Part. - Sem Setor Principal
OMEGA ENERGIA S.A.|2021-12-01||ATIVO|2021-12-01|26441|Emp. Adm. Part. - Energia Elétrica
VERT-9 COMPANHIA SECURITIZADORA DE CRÉDITOS FINANCEIROS|2021-12-07||ATIVO|2021-12-07|26450|Securitização de Recebíveis
TRUE SECURITIZADORA DE CREDITOS FINANCEIROS IV S.A.|2021-12-17|2022-06-22|CANCELADA|2022-06-22|26492|Securitização de Recebíveis
ASA BRANCA HOLDING S.A.|2021-12-20||ATIVO|2021-12-20|26514|Emp. Adm. Part. - Energia Elétrica
MNLT S.A.|2022-02-11||ATIVO|2022-02-11|26611|Emp. Adm. Part. - Sem Setor Principal
AUREN ENERGIA S.A|2022-02-25||ATIVO|2022-02-25|26620|Energia Elétrica
TRANSMISSORA JOSÉ MARIA DE MACEDO DE ELETRICIDADE S.A|2022-03-21||ATIVO|2022-03-21|26654|Energia Elétrica
ODOYÁ TRANSMISSORA DE ENERGIA S.A|2022-03-21||ATIVO|2022-03-21|26662|Energia Elétrica
ESPERANZA TRANSMISSORA DE ENERGIA S.A.|2022-03-21||ATIVO|2022-03-21|26670|Energia Elétrica
HOLDING VERZANI & SANDRINI S.A.|2022-03-23||ATIVO|2022-03-23|26689|Emp. Adm. Part. - Sem Setor Principal
FOZ DO RIO CLARO ENERGIA S.A.|2022-03-24||ATIVO|2022-03-24|26697|Emp. Adm. Part. - Energia Elétrica
MANAUS TRANSMISSORA DE ENERGIA S.A|2022-03-29||ATIVO|2022-03-29|26719|Energia Elétrica
IGUÁ RIO DE JANEIRO S.A.|2022-03-30||ATIVO|2022-03-30|26727|Emp. Adm. Part. - Saneamento, Serv. Água e Gás
ÁGUAS DO RIO 1 SPE S.A.|2022-03-30||ATIVO|2022-03-30|26735|Saneamento, Serv. Água e Gás
ÁGUAS DO RIO 4 SPE S.A.|2022-03-30||ATIVO|2022-03-30|26743|Saneamento, Serv. Água e Gás
VERT-10 CIA SECURITIZADORA DE CREDITOS FINANCEIROS|2022-04-04||ATIVO|2022-04-04|26751|Securitização de Recebíveis
VERT-11 COMPANHIA SECURITIZADORA DE CR+DITOS FINANCEIROS|2022-05-09||ATIVO|2022-05-09|26778|Securitização de Recebíveis
COPEL DISTRIBUIÇÃO S.A.|2022-05-19||ATIVO|2022-05-19|26808|Energia Elétrica
TRAVESSIA SECURITIZADORA DE CREÉDITOS MERCANTIS VI S.A.|2022-06-08||ATIVO|2022-06-08|26824|Securitização de Recebíveis
ANEMUS WIND HOLDING S.A.|2022-06-08||ATIVO|2022-06-08|26832|Energia Elétrica
SAP SECURITIZADORA DE CREDITOS FINANCEIROS S.A.|2022-06-21||ATIVO|2022-06-21|26840|Securitização de Recebíveis
